benchmark,seed,tasks,k,pass_at_1,pass_at_8,mfe_at_1,mfe_at_8,bad_count
eterna100v2,1009,100,8,0.51,0.65,0.51,0.67,0
eterna100v2,2027,100,8,0.56,0.65,0.56,0.66,0
eterna100v2,3037,100,8,0.55,0.65,0.56,0.69,0
eterna100,1009,100,8,0.52,0.61,0.53,0.64,0
eterna100,2027,100,8,0.48,0.62,0.5,0.65,0
eterna100,3037,100,8,0.52,0.62,0.54,0.65,0
rfam27,1009,27,8,0.8518518518518519,0.8888888888888888,0.8518518518518519,0.8888888888888888,0
rfam27,2027,27,8,0.8518518518518519,0.8888888888888888,0.8518518518518519,0.8888888888888888,0
rfam27,3037,27,8,0.8518518518518519,0.8518518518518519,0.8518518518518519,0.8518518518518519,0
rnasolo764,1009,764,8,0.7133507853403142,0.7290575916230366,0.7303664921465969,0.7513089005235603,0
rnasolo764,2027,764,8,0.7107329842931938,0.731675392670157,0.7290575916230366,0.756544502617801,0
rnasolo764,3037,764,8,0.7120418848167539,0.7329842931937173,0.7303664921465969,0.7552356020942408,0
