method,step,changed_fraction,planned_update_rate,action_entropy
RNA-IFlow-RL,1,0.0959058318436584,0.125,0.3240999166782085
RNA-IFlow-RL,2,0.0949403285942699,0.1428571492433548,0.3083466612375699
RNA-IFlow-RL,3,0.0976488568609939,0.1666666716337204,0.2913426470298033
RNA-IFlow-RL,4,0.0931132620672414,0.2000000029802322,0.2680606479064011
RNA-IFlow-RL,5,0.0927851915073782,0.25,0.2417142016765398
RNA-IFlow-RL,6,0.0982339292667026,0.3333333432674408,0.2132589648931454
RNA-IFlow-RL,7,0.0987758187421092,0.5,0.1625363719769012
RNA-IFlow-RL,8,0.105496375770259,1.0,0.0316381765147431
finite-policy-no-RL,1,0.0932283869803616,0.125,0.3628024917382459
finite-policy-no-RL,2,0.0896835068240048,0.1428571492433548,0.3474551538626353
finite-policy-no-RL,3,0.0845266169017138,0.1666666716337204,0.3236140792186443
finite-policy-no-RL,4,0.0721206521361126,0.2000000029802322,0.2830470739266811
finite-policy-no-RL,5,0.0552510435619724,0.25,0.2033566011068148
finite-policy-no-RL,6,0.0267190683504876,0.3333333432674408,0.0902385138548337
finite-policy-no-RL,7,0.013228982360631,0.5,0.0370520699339416
finite-policy-no-RL,8,0.0084703260556081,1.0,0.0166914759394831
