destination_path	source_path	role	paper_artifact	source_revision	sha256	size	include_exclude	reason	destination_sha256	destination_size
.gitattributes	release:.gitattributes	docs	Release reproduction; see docs/experiments.md	release-working-tree	39adf059385e7de462f38f4f2da94c556db30d01f42ff77690fbf3ebc970f76f	125	include	Release-authored artifact; QA status in docs/release_checks.md	39adf059385e7de462f38f4f2da94c556db30d01f42ff77690fbf3ebc970f76f	125
.gitignore	release:.gitignore	docs	Release reproduction; see docs/experiments.md	release-working-tree	6780cb7b8fb27259775b2525f1e28d22ff66b196e28a3bfb1e02a840f86d8955	123	include	Release-authored artifact; QA status in docs/release_checks.md	6780cb7b8fb27259775b2525f1e28d22ff66b196e28a3bfb1e02a840f86d8955	123
CITATION.cff	release:CITATION.cff	docs	Release reproduction; see docs/experiments.md	release-working-tree	a6d5b5c380606b1e43443d616d00b78db04536c50966e6353f5472cdfc3bf7ab	700	include	Release-authored artifact; QA status in docs/release_checks.md	a6d5b5c380606b1e43443d616d00b78db04536c50966e6353f5472cdfc3bf7ab	700
LICENSE	release:LICENSE	docs	Release reproduction; see docs/experiments.md	release-working-tree	c71d239df91726fc519c6eb72d318ec65820627232b2f796219e87dcf35d0ab4	11357	include	Release-authored artifact; QA status in docs/release_checks.md	c71d239df91726fc519c6eb72d318ec65820627232b2f796219e87dcf35d0ab4	11357
README.md	release:README.md	docs	Release reproduction; see docs/experiments.md	release-working-tree	1136f3ff684146a79d11b33ef19a1686f3b3eaf395a8ad375a0ad43cad5514be	3032	include	Release-authored artifact; QA status in docs/release_checks.md	1136f3ff684146a79d11b33ef19a1686f3b3eaf395a8ad375a0ad43cad5514be	3032
configs/u2442.json	release:configs/u2442.json	docs	Release reproduction; see docs/experiments.md	release-working-tree	fd84cd17150e1ad1d9e756a05a78dc13c24463ac27bcf4c771e5c7e8f07375fb	2428	include	Release-authored artifact; QA status in docs/release_checks.md	fd84cd17150e1ad1d9e756a05a78dc13c24463ac27bcf4c771e5c7e8f07375fb	2428
docs/datasets.md	release:docs/datasets.md	docs	Release reproduction; see docs/experiments.md	release-working-tree	c5557b621b53fe7a4441a7832cc8385f814fb72eb4f6bd3db7aeca0e8a87b83b	3041	include	Release-authored artifact; QA status in docs/release_checks.md	c5557b621b53fe7a4441a7832cc8385f814fb72eb4f6bd3db7aeca0e8a87b83b	3041
docs/experiments.md	release:docs/experiments.md	docs	Release reproduction; see docs/experiments.md	release-working-tree	f899b53ebea9262760aef71c5c6b8e2113f403554c9180a3af9703b70fb4aaa5	12700	include	Release-authored artifact; QA status in docs/release_checks.md	f899b53ebea9262760aef71c5c6b8e2113f403554c9180a3af9703b70fb4aaa5	12700
docs/inference.md	release:docs/inference.md	docs	Release reproduction; see docs/experiments.md	release-working-tree	4e850c3289b9a4844af24df8fafc80773a590baae923eb35150025b079796ddd	1484	include	Release-authored artifact; QA status in docs/release_checks.md	4e850c3289b9a4844af24df8fafc80773a590baae923eb35150025b079796ddd	1484
docs/methods.md	release:docs/methods.md	docs	Release reproduction; see docs/experiments.md	release-working-tree	1ce5c168c3293cd42df051cb36762fcfa910d85c6ae50833c14eb4766e7c3846	5032	include	Release-authored artifact; QA status in docs/release_checks.md	1ce5c168c3293cd42df051cb36762fcfa910d85c6ae50833c14eb4766e7c3846	5032
docs/release_checks.md	release:docs/release_checks.md	docs	Release reproduction; see docs/experiments.md	release-working-tree	834a1bf1fe14359ab13fd37ba8c01d2038273afdeba8a429fa02dff2c5722651	3952	include	Release-authored artifact; QA status in docs/release_checks.md	834a1bf1fe14359ab13fd37ba8c01d2038273afdeba8a429fa02dff2c5722651	3952
docs/runtime_protocol.md	release:docs/runtime_protocol.md	docs	Release reproduction; see docs/experiments.md	release-working-tree	4acabfd753f7163b1853bb812b1719a0be6c22bc75a7f45678dbc1d3566ddab2	6241	include	Release-authored artifact; QA status in docs/release_checks.md	4acabfd753f7163b1853bb812b1719a0be6c22bc75a7f45678dbc1d3566ddab2	6241
docs/source_provenance.md	release:docs/source_provenance.md	docs	Release reproduction; see docs/experiments.md	release-working-tree	53b316ab04d737c3afb2cddf2eaa2dc15ca32dd2e0b2fa38f992f771e72c9249	2809	include	Release-authored artifact; QA status in docs/release_checks.md	53b316ab04d737c3afb2cddf2eaa2dc15ca32dd2e0b2fa38f992f771e72c9249	2809
docs/third_party.md	release:docs/third_party.md	docs	Release reproduction; see docs/experiments.md	release-working-tree	39d9c147acbb33ff312cb0317c39507b4c101dfe3391d5690499016a553b83aa	2023	include	Release-authored artifact; QA status in docs/release_checks.md	39d9c147acbb33ff312cb0317c39507b4c101dfe3391d5690499016a553b83aa	2023
docs/training.md	release:docs/training.md	docs	Release reproduction; see docs/experiments.md	release-working-tree	b46edf75e89c3de30b4fbee1d0b33262ab6a84731c57318b875c59fb4ca6416e	7364	include	Release-authored artifact; QA status in docs/release_checks.md	b46edf75e89c3de30b4fbee1d0b33262ab6a84731c57318b875c59fb4ca6416e	7364
experiments/dual-prior-rna-flow/constraints.py	git:experiments/dual-prior-rna-flow/constraints.py	core_method	Methods / reproduction; exact table mapping pending	91a71ed91780e278369aead5aeae3fa957f72fb7	355a76800c4e4353c9810275d698ac5a4506b69a313ecd07d78741ce89e93cf9	1647	include	Frozen source dependency; paper scope pruning and runtime QA pending	355a76800c4e4353c9810275d698ac5a4506b69a313ecd07d78741ce89e93cf9	1647
experiments/dual-prior-rna-flow/flow_core.py	git:experiments/dual-prior-rna-flow/flow_core.py	core_method	Methods / reproduction; exact table mapping pending	91a71ed91780e278369aead5aeae3fa957f72fb7	2e01279ee25f3be2cf1387f969ce3308860bd8897d77622ab7cecbcb0482140f	4131	include	Frozen source dependency; paper scope pruning and runtime QA pending	2e01279ee25f3be2cf1387f969ce3308860bd8897d77622ab7cecbcb0482140f	4131
experiments/rna-flow-fair-components/evaluate.py	git:experiments/rna-flow-fair-components/evaluate.py	evaluation	Methods / reproduction; exact table mapping pending	91a71ed91780e278369aead5aeae3fa957f72fb7	3e6d6512d1691238b79a69d3066591b614d40756a0ec42238677b3923afa5b64	66516	include	Replace watcher import with identical extracted constant	452dd609ce9bc07a7605526354c64a7e716f2fe0c0e294d43b4b337fcf425964	66518
experiments/rna-flow-fair-components/model.py	git:experiments/rna-flow-fair-components/model.py	core_method	Methods / reproduction; exact table mapping pending	91a71ed91780e278369aead5aeae3fa957f72fb7	e8bf2ee1e2d782ac453f6b00779e82b2b54d66ef4d901d29fbeacf3186f182c9	13358	include	Frozen source dependency; paper scope pruning and runtime QA pending	803d428833d4ae47c38a2c946c445b71c93af3522665f65d650edf08cf6abbf9	13766
experiments/rna-flow-fair-components/train.py	git:experiments/rna-flow-fair-components/train.py	training	Methods / reproduction; exact table mapping pending	91a71ed91780e278369aead5aeae3fa957f72fb7	1277c754733e491641df0fa675f13d89ccbc7fa69b7aed63231f92188e8da692	17279	include	Frozen source dependency; paper scope pruning and runtime QA pending	1277c754733e491641df0fa675f13d89ccbc7fa69b7aed63231f92188e8da692	17279
experiments/rna-flow-progressive-supervision-rl/arrow_data.py	git:experiments/rna-flow-progressive-supervision-rl/arrow_data.py	core_method	Methods / reproduction; exact table mapping pending	91a71ed91780e278369aead5aeae3fa957f72fb7	1feafdbc42ebb9f5bc26363d49aa20ae6c5616f6fd0b8f485d097367f5dd391f	2395	include	Frozen source dependency; paper scope pruning and runtime QA pending	1feafdbc42ebb9f5bc26363d49aa20ae6c5616f6fd0b8f485d097367f5dd391f	2395
experiments/rna-flow-progressive-supervision-rl/endpoint_policy.py	git:experiments/rna-flow-progressive-supervision-rl/endpoint_policy.py	core_method	Methods / reproduction; exact table mapping pending	91a71ed91780e278369aead5aeae3fa957f72fb7	9c049a51dd057ad05e4252f8dceb8cef6d9347341ea6e8a2de72145e186ab04a	64475	include	Frozen source dependency; paper scope pruning and runtime QA pending	9c049a51dd057ad05e4252f8dceb8cef6d9347341ea6e8a2de72145e186ab04a	64475
experiments/rna-flow-progressive-supervision-rl/endpoint_trajectory_ddp.py	git:experiments/rna-flow-progressive-supervision-rl/endpoint_trajectory_ddp.py	core_method	Methods / reproduction; exact table mapping pending	91a71ed91780e278369aead5aeae3fa957f72fb7	e7047cbf4265a95d2fd96a215648a6ca358ae8c54d824a6ded9e6555f61b8c28	77851	include	Frozen source dependency; paper scope pruning and runtime QA pending	e7047cbf4265a95d2fd96a215648a6ca358ae8c54d824a6ded9e6555f61b8c28	77851
experiments/rna-flow-progressive-supervision-rl/evaluate_domino_d0_structured.py	git:experiments/rna-flow-progressive-supervision-rl/evaluate_domino_d0_structured.py	evaluation	Methods / reproduction; exact table mapping pending	91a71ed91780e278369aead5aeae3fa957f72fb7	f188081c62627da210956dea8f85c054d3a8676f7a46d34caf68d47173e6b8f2	73102	include	Frozen source dependency; paper scope pruning and runtime QA pending	f188081c62627da210956dea8f85c054d3a8676f7a46d34caf68d47173e6b8f2	73102
experiments/rna-flow-progressive-supervision-rl/finalize_supervised_selection.py	git:experiments/rna-flow-progressive-supervision-rl/finalize_supervised_selection.py	core_method	Methods / reproduction; exact table mapping pending	91a71ed91780e278369aead5aeae3fa957f72fb7	074a2858c893b98f8c5d8913c08e4cf84e97f38842d60ff6e35726cfea526ede	9204	include	Frozen source dependency; paper scope pruning and runtime QA pending	074a2858c893b98f8c5d8913c08e4cf84e97f38842d60ff6e35726cfea526ede	9204
experiments/rna-flow-progressive-supervision-rl/formal_reference_contract.py	git:experiments/rna-flow-progressive-supervision-rl/watch_final_pair_credit.py	core_method	Methods / reproduction; exact table mapping pending	91a71ed91780e278369aead5aeae3fa957f72fb7	6abc0c5dd4f7a30af5ae0a44dec8a3a736ba0add6af46ad9e1b396c8f88a35a0	13012	include	Extract constant only; exclude GPU watcher and orchestration	f421bdb84616f50c98da414e3152b4b3070165ec3f687c1cbb404af8ce341bc1	994
experiments/rna-flow-progressive-supervision-rl/pkpo.py	git:experiments/rna-flow-progressive-supervision-rl/pkpo.py	core_method	Methods / reproduction; exact table mapping pending	91a71ed91780e278369aead5aeae3fa957f72fb7	202b262086a1389e15d3eee57d04daeb88fc0570f68c74b60eb50054ce9a3e80	2630	include	Frozen source dependency; paper scope pruning and runtime QA pending	202b262086a1389e15d3eee57d04daeb88fc0570f68c74b60eb50054ce9a3e80	2630
experiments/rna-flow-progressive-supervision-rl/reward_cache.py	git:experiments/rna-flow-progressive-supervision-rl/reward_cache.py	core_method	Methods / reproduction; exact table mapping pending	91a71ed91780e278369aead5aeae3fa957f72fb7	b15d41f2328899fe327d54359bb8d14f115dd062a40d0381cd3e36067c547771	11684	include	Frozen source dependency; paper scope pruning and runtime QA pending	b15d41f2328899fe327d54359bb8d14f115dd062a40d0381cd3e36067c547771	11684
experiments/rna-flow-progressive-supervision-rl/rl_objectives.py	git:experiments/rna-flow-progressive-supervision-rl/rl_objectives.py	core_method	Methods / reproduction; exact table mapping pending	91a71ed91780e278369aead5aeae3fa957f72fb7	5844378a3e8c7c2dedf0fb4ef13cd87d37d77ec11a6bcbe6b24f9780f8a00be3	4138	include	Frozen source dependency; paper scope pruning and runtime QA pending	5844378a3e8c7c2dedf0fb4ef13cd87d37d77ec11a6bcbe6b24f9780f8a00be3	4138
experiments/rna-flow-progressive-supervision-rl/rl_primitives.py	git:experiments/rna-flow-progressive-supervision-rl/rl_primitives.py	core_method	Methods / reproduction; exact table mapping pending	91a71ed91780e278369aead5aeae3fa957f72fb7	c1aed08c8f3c6b699220a6cac3944ab3ea5b48bbfe642bd0ec2fe90b4f716488	5694	include	Frozen source dependency; paper scope pruning and runtime QA pending	c1aed08c8f3c6b699220a6cac3944ab3ea5b48bbfe642bd0ec2fe90b4f716488	5694
experiments/rna-flow-progressive-supervision-rl/run_rl_objective_debug.py	git:experiments/rna-flow-progressive-supervision-rl/run_rl_objective_debug.py	core_method	Methods / reproduction; exact table mapping pending	91a71ed91780e278369aead5aeae3fa957f72fb7	a004afd5b46d1ed94b10832fec853650eac025dad41bef1f98f3a7379eaaf46b	13233	include	Frozen source dependency; paper scope pruning and runtime QA pending	dc78b83217cf200e123d11528d3d50fec395659530425f04ac63332e5eb8fbab	2464
experiments/rna-flow-progressive-supervision-rl/train_endpoint_trajectory_grpo.py	git:experiments/rna-flow-progressive-supervision-rl/train_endpoint_trajectory_grpo.py	training	Methods / reproduction; exact table mapping pending	91a71ed91780e278369aead5aeae3fa957f72fb7	1f0e21e8d4bc4b5ba3f19f44b6fdc7a432e161f8c67145bca53c3383c068035b	246270	include	Frozen source dependency; paper scope pruning and runtime QA pending	1f0e21e8d4bc4b5ba3f19f44b6fdc7a432e161f8c67145bca53c3383c068035b	246270
experiments/rna-flow-progressive-supervision-rl/train_progressive.py	git:experiments/rna-flow-progressive-supervision-rl/train_progressive.py	training	Methods / reproduction; exact table mapping pending	91a71ed91780e278369aead5aeae3fa957f72fb7	15ed0f7c7af05c119096f8f9549b72146aef3db637f0fc87fdb490a14f0ec35c	40068	include	Frozen source dependency; paper scope pruning and runtime QA pending	15ed0f7c7af05c119096f8f9549b72146aef3db637f0fc87fdb490a14f0ec35c	40068
experiments/rna-flow-progressive-supervision-rl/train_terminal_grpo.py	git:experiments/rna-flow-progressive-supervision-rl/train_terminal_grpo.py	training	Methods / reproduction; exact table mapping pending	91a71ed91780e278369aead5aeae3fa957f72fb7	a7f16e1c4d16d3b951037a0f1541f782c386cbfa671117e6f7c8f95e78f2df00	18513	include	Frozen source dependency; paper scope pruning and runtime QA pending	a7f16e1c4d16d3b951037a0f1541f782c386cbfa671117e6f7c8f95e78f2df00	18513
experiments/rna-flow-progressive-supervision-rl/vienna_target_contract.py	git:experiments/rna-flow-progressive-supervision-rl/vienna_target_contract.py	core_method	Methods / reproduction; exact table mapping pending	91a71ed91780e278369aead5aeae3fa957f72fb7	c19fc87326d6f9fad83f682e0850573d2b2ad40734258289656d899695e4782a	4170	include	Frozen source dependency; paper scope pruning and runtime QA pending	c19fc87326d6f9fad83f682e0850573d2b2ad40734258289656d899695e4782a	4170
experiments/supervised_snapshot/dual-prior-rna-flow/constraints.py	experiments/dual-prior-rna-flow/constraints.py	training	Supervised RNA-IFlow parent	c332d2c9bace0dd586cfbfd119a24c762f8232ce	355a76800c4e4353c9810275d698ac5a4506b69a313ecd07d78741ce89e93cf9	1647	include	Exact supervised-training source dependency; Git blob verified	355a76800c4e4353c9810275d698ac5a4506b69a313ecd07d78741ce89e93cf9	1647
experiments/supervised_snapshot/dual-prior-rna-flow/flow_core.py	experiments/dual-prior-rna-flow/flow_core.py	training	Supervised RNA-IFlow parent	c332d2c9bace0dd586cfbfd119a24c762f8232ce	2e01279ee25f3be2cf1387f969ce3308860bd8897d77622ab7cecbcb0482140f	4131	include	Exact supervised-training source dependency; Git blob verified	2e01279ee25f3be2cf1387f969ce3308860bd8897d77622ab7cecbcb0482140f	4131
experiments/supervised_snapshot/rna-flow-fair-components/data_contract.py	experiments/rna-flow-fair-components/data_contract.py	training	Supervised RNA-IFlow parent	c332d2c9bace0dd586cfbfd119a24c762f8232ce	a52e1f3b8394fc60600ee8272bb4787f3c931a0439cfc87122a72b48ad952d13	11741	include	Exact supervised-training source dependency; Git blob verified	a52e1f3b8394fc60600ee8272bb4787f3c931a0439cfc87122a72b48ad952d13	11741
experiments/supervised_snapshot/rna-flow-fair-components/evaluate.py	experiments/rna-flow-fair-components/evaluate.py	training	Supervised RNA-IFlow parent	c332d2c9bace0dd586cfbfd119a24c762f8232ce	652d5ec4468da16369d7fe6f5676f2c473d978bc2ea77d9c57f6afa80e681642	18400	include	Exact supervised-training source dependency; Git blob verified	652d5ec4468da16369d7fe6f5676f2c473d978bc2ea77d9c57f6afa80e681642	18400
experiments/supervised_snapshot/rna-flow-fair-components/model.py	experiments/rna-flow-fair-components/model.py	training	Supervised RNA-IFlow parent	c332d2c9bace0dd586cfbfd119a24c762f8232ce	993ee6651029850888e9dd734db5a8383a0927a6b79f7223ddb7cbafce398dbb	10501	include	Exact supervised-training source dependency; Git blob verified	993ee6651029850888e9dd734db5a8383a0927a6b79f7223ddb7cbafce398dbb	10501
experiments/supervised_snapshot/rna-flow-fair-components/train.py	experiments/rna-flow-fair-components/train.py	training	Supervised RNA-IFlow parent	c332d2c9bace0dd586cfbfd119a24c762f8232ce	1277c754733e491641df0fa675f13d89ccbc7fa69b7aed63231f92188e8da692	17279	include	Exact supervised-training source dependency; Git blob verified	1277c754733e491641df0fa675f13d89ccbc7fa69b7aed63231f92188e8da692	17279
experiments/supervised_snapshot/rna-flow-progressive-supervision-rl/arrow_data.py	experiments/rna-flow-progressive-supervision-rl/arrow_data.py	training	Supervised RNA-IFlow parent	c332d2c9bace0dd586cfbfd119a24c762f8232ce	75eed6526db0f9d71000e039be0f9fe747253925c3c1ec518195f10a3ed9bc1e	2310	include	Exact supervised-training source dependency; Git blob verified	75eed6526db0f9d71000e039be0f9fe747253925c3c1ec518195f10a3ed9bc1e	2310
experiments/supervised_snapshot/rna-flow-progressive-supervision-rl/build_contract.py	experiments/rna-flow-progressive-supervision-rl/build_contract.py	training	Supervised RNA-IFlow parent	c332d2c9bace0dd586cfbfd119a24c762f8232ce	243e862501fe9de34a4975d44c7f26fcec3aedc751f4e143e1707902bb4387a5	8655	include	Exact supervised-training source dependency; Git blob verified	243e862501fe9de34a4975d44c7f26fcec3aedc751f4e143e1707902bb4387a5	8655
experiments/supervised_snapshot/rna-flow-progressive-supervision-rl/build_nested_arrow.py	experiments/rna-flow-progressive-supervision-rl/build_nested_arrow.py	training	Supervised RNA-IFlow parent	c332d2c9bace0dd586cfbfd119a24c762f8232ce	d638b83175dd92993fd89f856376de138d10e0aa9c21e3b5f8119a7e582c17ac	8968	include	Exact supervised-training source dependency; Git blob verified	d638b83175dd92993fd89f856376de138d10e0aa9c21e3b5f8119a7e582c17ac	8968
experiments/supervised_snapshot/rna-flow-progressive-supervision-rl/train_progressive.py	experiments/rna-flow-progressive-supervision-rl/train_progressive.py	training	Supervised RNA-IFlow parent	c332d2c9bace0dd586cfbfd119a24c762f8232ce	b4eda1c7da63d1c56f4b9dac77ee48bebda519be0ce46d7f9ef50e75bc95348f	27260	include	Exact supervised-training source dependency; Git blob verified	b4eda1c7da63d1c56f4b9dac77ee48bebda519be0ce46d7f9ef50e75bc95348f	27260
model/README.md	release:model/README.md	model_reference	Release reproduction; see docs/experiments.md	release-working-tree	950e729d99199b28558043a4da557d4857dee1b6c95672dc359f090e5c56226d	1320	include	Release-authored artifact; QA status in docs/release_checks.md	950e729d99199b28558043a4da557d4857dee1b6c95672dc359f090e5c56226d	1320
requirements-figures.txt	release:requirements-figures.txt	docs	Release reproduction; see docs/experiments.md	release-working-tree	bc3f21daf6a071a56dffc1e39af3f8be67fa18a2eb210083c6200355e645df11	19	include	Release-authored artifact; QA status in docs/release_checks.md	bc3f21daf6a071a56dffc1e39af3f8be67fa18a2eb210083c6200355e645df11	19
requirements.txt	release:requirements.txt	docs	Release reproduction; see docs/experiments.md	release-working-tree	598a5c6a8119d0a29383d8e85e5254416fceec06c55e4c1abef28f6d34489b10	114	include	Release-authored artifact; QA status in docs/release_checks.md	598a5c6a8119d0a29383d8e85e5254416fceec06c55e4c1abef28f6d34489b10	114
results/figures/source_data/checkpoint_curve/late_checkpoints.csv	release:results/figures/source_data/checkpoint_curve/late_checkpoints.csv	results	Release reproduction; see docs/experiments.md	release-working-tree	426c4e9b593163602365f8b77bd49b8b0306e89faca7d031ee363b3b6727b757	552	include	Release-authored artifact; QA status in docs/release_checks.md	426c4e9b593163602365f8b77bd49b8b0306e89faca7d031ee363b3b6727b757	552
results/figures/source_data/checkpoint_curve/provenance.json	release:results/figures/source_data/checkpoint_curve/provenance.json	results	Release reproduction; see docs/experiments.md	release-working-tree	9f410771b81ac8d4f855cc74bc6de694fbc213764aaff139cdf10c7032d3980e	59926	include	Release-authored artifact; QA status in docs/release_checks.md	9f410771b81ac8d4f855cc74bc6de694fbc213764aaff139cdf10c7032d3980e	59926
results/figures/source_data/composition/composition_counts.csv	release:results/figures/source_data/composition/composition_counts.csv	results	Release reproduction; see docs/experiments.md	release-working-tree	e6226e117ebeabf4355c512bf1c0747f1b82efa916bfb8751450fa49fd6ff335	382	include	Release-authored artifact; QA status in docs/release_checks.md	e6226e117ebeabf4355c512bf1c0747f1b82efa916bfb8751450fa49fd6ff335	382
results/figures/source_data/composition/composition_quality.csv	release:results/figures/source_data/composition/composition_quality.csv	results	Release reproduction; see docs/experiments.md	release-working-tree	c41e536e24c6f7fad8fec6a778625ed9f78c5f1dbe6b3d0c3fb240b53d780628	770	include	Release-authored artifact; QA status in docs/release_checks.md	c41e536e24c6f7fad8fec6a778625ed9f78c5f1dbe6b3d0c3fb240b53d780628	770
results/figures/source_data/composition/provenance.json	release:results/figures/source_data/composition/provenance.json	results	Release reproduction; see docs/experiments.md	release-working-tree	d749d0fd24a46b6690c4ce2760e9a1e7487ed61a5bbcaf51472aae86084523ae	1917	include	Release-authored artifact; QA status in docs/release_checks.md	d749d0fd24a46b6690c4ce2760e9a1e7487ed61a5bbcaf51472aae86084523ae	1917
results/figures/source_data/hg/HG_mean_sd.csv	release:results/figures/source_data/hg/HG_mean_sd.csv	results	Release reproduction; see docs/experiments.md	release-working-tree	1d4d82855ad419c1c04977b75e3149b7137b0cc44a6c5d79d68a245c62a3be64	1827	include	Release-authored artifact; QA status in docs/release_checks.md	1d4d82855ad419c1c04977b75e3149b7137b0cc44a6c5d79d68a245c62a3be64	1827
results/figures/source_data/hg/HG_per_seed.csv	release:results/figures/source_data/hg/HG_per_seed.csv	results	Release reproduction; see docs/experiments.md	release-working-tree	2d2fa6b8a44ebc46fc285c31a9c93d6bc59be94ed7cd4a55c22e2a1b3fc78a06	6504	include	Release-authored artifact; QA status in docs/release_checks.md	2d2fa6b8a44ebc46fc285c31a9c93d6bc59be94ed7cd4a55c22e2a1b3fc78a06	6504
results/figures/source_data/hg/contract_resolution.json	release:results/figures/source_data/hg/contract_resolution.json	results	Release reproduction; see docs/experiments.md	release-working-tree	8eb208370687288b3089870c68d3911483c711ea7b5c77d6327cf6bad75e4165	48156	include	Release-authored artifact; QA status in docs/release_checks.md	8eb208370687288b3089870c68d3911483c711ea7b5c77d6327cf6bad75e4165	48156
results/figures/source_data/hg/provenance.json	release:results/figures/source_data/hg/provenance.json	results	Release reproduction; see docs/experiments.md	release-working-tree	cd7e598b1bc240fabde5a0c7d7a63362f73572df7fecc0149430874ca227c8c9	527	include	Release-authored artifact; QA status in docs/release_checks.md	cd7e598b1bc240fabde5a0c7d7a63362f73572df7fecc0149430874ca227c8c9	527
results/figures/source_data/hg_cost/HG_cost.csv	release:results/figures/source_data/hg_cost/HG_cost.csv	results	Release reproduction; see docs/experiments.md	release-working-tree	a5e11e8947f39441732b30836b7b893195d1d58ded67a78dd60a030a928c2802	1194	include	Release-authored artifact; QA status in docs/release_checks.md	a5e11e8947f39441732b30836b7b893195d1d58ded67a78dd60a030a928c2802	1194
results/figures/source_data/hg_cost/provenance.json	release:results/figures/source_data/hg_cost/provenance.json	results	Release reproduction; see docs/experiments.md	release-working-tree	3365c528bb97ce7cc25952b9ba5fb2fce0ae027de2c13dea1e77c3875d266793	1841	include	Release-authored artifact; QA status in docs/release_checks.md	3365c528bb97ce7cc25952b9ba5fb2fce0ae027de2c13dea1e77c3875d266793	1841
results/figures/source_data/r7_compact/README.md	release:results/figures/source_data/r7_compact/README.md	results	Release reproduction; see docs/experiments.md	release-working-tree	4e5628eb08524caaca58978d6ce357aac6f68bb140c06dadaf809c83af0356b1	686	include	Release-authored artifact; QA status in docs/release_checks.md	4e5628eb08524caaca58978d6ce357aac6f68bb140c06dadaf809c83af0356b1	686
results/figures/source_data/r7_compact/case/case_frozen_and_window.json	release:results/figures/source_data/r7_compact/case/case_frozen_and_window.json	results	Release reproduction; see docs/experiments.md	release-working-tree	ed312e6492d6bb121be5e3ddd5d0aa715c04e5221ac4e3a6eabf7d3aeefb7dad	5868	include	Release-authored artifact; QA status in docs/release_checks.md	ed312e6492d6bb121be5e3ddd5d0aa715c04e5221ac4e3a6eabf7d3aeefb7dad	5868
results/figures/source_data/r7_compact/figure2/checkpoint_P1_P8.csv	release:results/figures/source_data/r7_compact/figure2/checkpoint_P1_P8.csv	results	Release reproduction; see docs/experiments.md	release-working-tree	23ce8030056a1375c42687708b3934a877cdb39b39aa6e9ec4430d9b1458bcf2	954	include	Release-authored artifact; QA status in docs/release_checks.md	23ce8030056a1375c42687708b3934a877cdb39b39aa6e9ec4430d9b1458bcf2	954
results/figures/source_data/r7_compact/figure2/figure2_density_curve.csv	release:results/figures/source_data/r7_compact/figure2/figure2_density_curve.csv	results	Release reproduction; see docs/experiments.md	release-working-tree	b1efc92178fddef8efed94818fedde26fee832d622dd8e8397a5e618583e7025	97024	include	Release-authored artifact; QA status in docs/release_checks.md	b1efc92178fddef8efed94818fedde26fee832d622dd8e8397a5e618583e7025	97024
results/figures/source_data/r7_compact/figure2/figure2_density_summary.json	release:results/figures/source_data/r7_compact/figure2/figure2_density_summary.json	results	Release reproduction; see docs/experiments.md	release-working-tree	249827c3875333420a32ba513bc135b7a148f315c81a6dbe88a984d68bf3b541	523	include	Release-authored artifact; QA status in docs/release_checks.md	249827c3875333420a32ba513bc135b7a148f315c81a6dbe88a984d68bf3b541	523
results/figures/source_data/r7_compact/figure2/training_reward.csv	release:results/figures/source_data/r7_compact/figure2/training_reward.csv	results	Release reproduction; see docs/experiments.md	release-working-tree	ab1d861703ca51727c7172db36f87e554640c3f419f4e86eb5ce5452f3011ac7	265353	include	Release-authored artifact; QA status in docs/release_checks.md	ab1d861703ca51727c7172db36f87e554640c3f419f4e86eb5ce5452f3011ac7	265353
results/figures/source_data/r7_compact/figure4/coverage_tradeoff.csv	release:results/figures/source_data/r7_compact/figure4/coverage_tradeoff.csv	results	Release reproduction; see docs/experiments.md	release-working-tree	e685fbdabb60d42ca584094200db1938291b5435b851d4edc76b545e2c02abcc	1016	include	Release-authored artifact; QA status in docs/release_checks.md	e685fbdabb60d42ca584094200db1938291b5435b851d4edc76b545e2c02abcc	1016
results/figures/source_data/r7_compact/flow/flow_initial_state_boxes.json	release:results/figures/source_data/r7_compact/flow/flow_initial_state_boxes.json	results	Release reproduction; see docs/experiments.md	release-working-tree	13d2786f4927a2b480eb775828c21a2a77b816fa81b77a37b1599f8b2277a343	4001	include	Release-authored artifact; QA status in docs/release_checks.md	13d2786f4927a2b480eb775828c21a2a77b816fa81b77a37b1599f8b2277a343	4001
results/figures/source_data/r7_compact/flow/flow_state_aggregate.csv	release:results/figures/source_data/r7_compact/flow/flow_state_aggregate.csv	results	Release reproduction; see docs/experiments.md	release-working-tree	0a8d975a71b6df4fa974602016edac77753c8cade8799e6dbb0065aa93430b34	801	include	Release-authored artifact; QA status in docs/release_checks.md	0a8d975a71b6df4fa974602016edac77753c8cade8799e6dbb0065aa93430b34	801
results/figures/source_data/r7_compact/flow/policy_mechanics.csv	release:results/figures/source_data/r7_compact/flow/policy_mechanics.csv	results	Release reproduction; see docs/experiments.md	release-working-tree	382bb94fc74c593e125bf63c9888fb3a5203dbcb11f7c13666b7ec1ab542c585	1156	include	Release-authored artifact; QA status in docs/release_checks.md	382bb94fc74c593e125bf63c9888fb3a5203dbcb11f7c13666b7ec1ab542c585	1156
results/figures/source_data/r7_compact/flow/process_arc_selection.json	release:results/figures/source_data/r7_compact/flow/process_arc_selection.json	results	Release reproduction; see docs/experiments.md	release-working-tree	f523fc8266685f9bb19dfd2daf77536d4ef53913bef6ee981f15670fde0af3c9	568	include	Release-authored artifact; QA status in docs/release_checks.md	f523fc8266685f9bb19dfd2daf77536d4ef53913bef6ee981f15670fde0af3c9	568
results/figures/source_data/r7_compact/flow/sequence_evolution.csv	release:results/figures/source_data/r7_compact/flow/sequence_evolution.csv	results	Release reproduction; see docs/experiments.md	release-working-tree	3c4d86cb0f6fd8614f1625984c58cf7fdcaff113fbfcd16a0c7c9a9e48be1ea1	8140	include	Release-authored artifact; QA status in docs/release_checks.md	3c4d86cb0f6fd8614f1625984c58cf7fdcaff113fbfcd16a0c7c9a9e48be1ea1	8140
results/figures/source_data/r7_compact/provenance.json	release:results/figures/source_data/r7_compact/provenance.json	results	Release reproduction; see docs/experiments.md	release-working-tree	c8e5c494c28bb6a44258659ec0e55c206b9baeb72814539783b21316ccfd3533	2602	include	Release-authored artifact; QA status in docs/release_checks.md	c8e5c494c28bb6a44258659ec0e55c206b9baeb72814539783b21316ccfd3533	2602
results/provenance/base_split_contract.json	release:results/provenance/base_split_contract.json	results	Release reproduction; see docs/experiments.md	release-working-tree	0cf4ca202a746c504ae32050b133e2e928340d9a2f2c403d98aca4369c39ffa6	2281	include	Release-authored artifact; QA status in docs/release_checks.md	0cf4ca202a746c504ae32050b133e2e928340d9a2f2c403d98aca4369c39ffa6	2281
results/provenance/contract.json	release:results/provenance/contract.json	results	Release reproduction; see docs/experiments.md	release-working-tree	7ca935b8ea2756a6081364f68b67b25d8a43508a87403474f29d23397a03f811	9182	include	Release-authored artifact; QA status in docs/release_checks.md	7ca935b8ea2756a6081364f68b67b25d8a43508a87403474f29d23397a03f811	9182
results/provenance/dataset_composition.json	release:results/provenance/dataset_composition.json	results	Release reproduction; see docs/experiments.md	release-working-tree	e3656ba67b0280880a7dfd8e5bcf54a6a3fb89c2a40e6bf05dd61b13402887bf	13703	include	Release-authored artifact; QA status in docs/release_checks.md	e3656ba67b0280880a7dfd8e5bcf54a6a3fb89c2a40e6bf05dd61b13402887bf	13703
results/provenance/direct_dependency_licenses.json	release:results/provenance/direct_dependency_licenses.json	results	Release reproduction; see docs/experiments.md	release-working-tree	db4cf6940d9ec1d286b2f56041b1ef02a664ff8f0a30e2dbe82312d54bd40737	4996	include	Release-authored artifact; QA status in docs/release_checks.md	db4cf6940d9ec1d286b2f56041b1ef02a664ff8f0a30e2dbe82312d54bd40737	4996
results/provenance/main_evaluation_receipts.json	release:results/provenance/main_evaluation_receipts.json	results	Release reproduction; see docs/experiments.md	release-working-tree	97cce7ae2cf3ee20dc27cd51f27f29ac1c6d23b9c0c3d9a01ddbaed87c696724	16527	include	Release-authored artifact; QA status in docs/release_checks.md	97cce7ae2cf3ee20dc27cd51f27f29ac1c6d23b9c0c3d9a01ddbaed87c696724	16527
results/provenance/receipt.compact.json	release:results/provenance/receipt.compact.json	results	Release reproduction; see docs/experiments.md	release-working-tree	83ea473f4370308b07c8f01ceb1ab932020001b27406a648ceb614620914a240	638	include	Release-authored artifact; QA status in docs/release_checks.md	83ea473f4370308b07c8f01ceb1ab932020001b27406a648ceb614620914a240	638
results/provenance/supervised_source_manifest.json	release:results/provenance/supervised_source_manifest.json	results	Release reproduction; see docs/experiments.md	release-working-tree	5c2aee5b78a3b084ce1b2736a7f0853510ed74f1b8347de036ba5fac164de9e5	3556	include	Release-authored artifact; QA status in docs/release_checks.md	5c2aee5b78a3b084ce1b2736a7f0853510ed74f1b8347de036ba5fac164de9e5	3556
results/provenance/supervised_training_contract.json	release:results/provenance/supervised_training_contract.json	results	Release reproduction; see docs/experiments.md	release-working-tree	121811f7de072113295c2fc2b0f578bfac5cdc952a523a43bcdb95f3d8f6e7b7	2472	include	Release-authored artifact; QA status in docs/release_checks.md	121811f7de072113295c2fc2b0f578bfac5cdc952a523a43bcdb95f3d8f6e7b7	2472
results/reports/release_review_zh.md	release:results/reports/release_review_zh.md	results	Release reproduction; see docs/experiments.md	release-working-tree	3b688740cc3d0edfa63d1a838b24dcd42c54c7ca0b2b0c469e5e9169dd7b8def	1681	include	Release-authored artifact; QA status in docs/release_checks.md	3b688740cc3d0edfa63d1a838b24dcd42c54c7ca0b2b0c469e5e9169dd7b8def	1681
results/reports/runtime_adapter_review_zh.md	release:results/reports/runtime_adapter_review_zh.md	results	Release reproduction; see docs/experiments.md	release-working-tree	14de072d7b99a17bbc8fb48c7f0bc919ec4b55dd7194fffccc33c3813911518f	1683	include	Release-authored artifact; QA status in docs/release_checks.md	14de072d7b99a17bbc8fb48c7f0bc919ec4b55dd7194fffccc33c3813911518f	1683
results/tables/aggregation_provenance.json	release:results/tables/aggregation_provenance.json	results	Release reproduction; see docs/experiments.md	release-working-tree	98fd5ff50d74167c169d4665617ed4822210ec9501d35cd832217a667ac2f9e5	1052	include	Release-authored artifact; QA status in docs/release_checks.md	98fd5ff50d74167c169d4665617ed4822210ec9501d35cd832217a667ac2f9e5	1052
results/tables/benchmark_quality/benchmark_quality.csv	release:results/tables/benchmark_quality/benchmark_quality.csv	results	Release reproduction; see docs/experiments.md	release-working-tree	6f7b3eb828d48104cee48dd50adeef6de213555906139ddd7eea38d367527cbc	9963	include	Release-authored artifact; QA status in docs/release_checks.md	6f7b3eb828d48104cee48dd50adeef6de213555906139ddd7eea38d367527cbc	9963
results/tables/benchmark_quality/benchmark_quality_provenance.json	release:results/tables/benchmark_quality/benchmark_quality_provenance.json	results	Release reproduction; see docs/experiments.md	release-working-tree	d81cb8cdab83de6a281a413139cc80f40675448e9d9bd374c088ab4d87b81e8f	7841	include	Release-authored artifact; QA status in docs/release_checks.md	d81cb8cdab83de6a281a413139cc80f40675448e9d9bd374c088ab4d87b81e8f	7841
results/tables/main_model_metrics.csv	release:results/tables/main_model_metrics.csv	results	Release reproduction; see docs/experiments.md	release-working-tree	739bb1f0322e21c6eddc6dce84bbb493c53f6fde6596e507e580c97e25b2610f	461	include	Release-authored artifact; QA status in docs/release_checks.md	739bb1f0322e21c6eddc6dce84bbb493c53f6fde6596e507e580c97e25b2610f	461
results/tables/native_runtime/native_runtime.csv	release:results/tables/native_runtime/native_runtime.csv	results	Release reproduction; see docs/experiments.md	release-working-tree	3309ed28a4afe1d08f76ae68672bd849bfed8c61e8c4c4297f5345aa02086375	543	include	Release-authored artifact; QA status in docs/release_checks.md	3309ed28a4afe1d08f76ae68672bd849bfed8c61e8c4c4297f5345aa02086375	543
results/tables/native_runtime/provenance.json	release:results/tables/native_runtime/provenance.json	results	Release reproduction; see docs/experiments.md	release-working-tree	46893004505b4ac4a9d3f5cd458f0cef7ea3dd32cea40d826eac5d31f75bbc26	946	include	Release-authored artifact; QA status in docs/release_checks.md	46893004505b4ac4a9d3f5cd458f0cef7ea3dd32cea40d826eac5d31f75bbc26	946
results/tables/per_condition_metrics.csv	release:results/tables/per_condition_metrics.csv	results	Release reproduction; see docs/experiments.md	release-working-tree	9615429c89fe26948205b4e8783efe1a76fd01ea42c878c0efdbc4c7ad539057	930	include	Release-authored artifact; QA status in docs/release_checks.md	9615429c89fe26948205b4e8783efe1a76fd01ea42c878c0efdbc4c7ad539057	930
results/tables/resident_runtime/provenance.json	release:results/tables/resident_runtime/provenance.json	results	Release reproduction; see docs/experiments.md	release-working-tree	32cb7ff66b2c880ea9092cad836aa4206c008014bbfe9c1bca3d75833838ac42	1822	include	Release-authored artifact; QA status in docs/release_checks.md	32cb7ff66b2c880ea9092cad836aa4206c008014bbfe9c1bca3d75833838ac42	1822
results/tables/resident_runtime/resident_runtime.csv	release:results/tables/resident_runtime/resident_runtime.csv	results	Release reproduction; see docs/experiments.md	release-working-tree	57b3c8d022849af2cfac53b679d728a48302e8b0359e2cae0a051a805ef5d0ee	607	include	Release-authored artifact; QA status in docs/release_checks.md	57b3c8d022849af2cfac53b679d728a48302e8b0359e2cae0a051a805ef5d0ee	607
results/tables/rnasolo_overlap/provenance.json	release:results/tables/rnasolo_overlap/provenance.json	results	Release reproduction; see docs/experiments.md	release-working-tree	3c90e4f08e4a605f6cedf7f0081706bad7be1f7cd8be8f64c9eebc853406d3a7	3263	include	Release-authored artifact; QA status in docs/release_checks.md	3c90e4f08e4a605f6cedf7f0081706bad7be1f7cd8be8f64c9eebc853406d3a7	3263
results/tables/rnasolo_overlap/sensitivity.csv	release:results/tables/rnasolo_overlap/sensitivity.csv	results	Release reproduction; see docs/experiments.md	release-working-tree	595b7717f9f3e4f3d83b995b2e2237aa5e303daa7764ea538d2591609605e9d1	3120	include	Release-authored artifact; QA status in docs/release_checks.md	595b7717f9f3e4f3d83b995b2e2237aa5e303daa7764ea538d2591609605e9d1	3120
scripts/aggregate_main_results.py	release:scripts/aggregate_main_results.py	analysis	Release reproduction; see docs/experiments.md	release-working-tree	b5c5df36fef33fe178dec225819d9120f9101d75e45c51a0f8b364a93c562684	3625	include	Release-authored artifact; QA status in docs/release_checks.md	b5c5df36fef33fe178dec225819d9120f9101d75e45c51a0f8b364a93c562684	3625
scripts/aggregate_native_runtime.py	release:scripts/aggregate_native_runtime.py	analysis	Release reproduction; see docs/experiments.md	release-working-tree	da919279e996bbe5def6a3c0c5651c65a2f7b76249e5c9e3764527927f682917	3005	include	Release-authored artifact; QA status in docs/release_checks.md	da919279e996bbe5def6a3c0c5651c65a2f7b76249e5c9e3764527927f682917	3005
scripts/aggregate_resident_runtime.py	release:scripts/aggregate_resident_runtime.py	analysis	Release reproduction; see docs/experiments.md	release-working-tree	99a2436e0251497b8d6629edfc5e20170437d37d7696d003afc14d431b2163e0	4670	include	Release-authored artifact; QA status in docs/release_checks.md	99a2436e0251497b8d6629edfc5e20170437d37d7696d003afc14d431b2163e0	4670
scripts/check_portable_equivalence.py	release:scripts/check_portable_equivalence.py	analysis	Release reproduction; see docs/experiments.md	release-working-tree	4da9e7919b951dd61b534b048685625699267ebe7478702a8d1178ea4bb0fe99	1785	include	Release-authored artifact; QA status in docs/release_checks.md	4da9e7919b951dd61b534b048685625699267ebe7478702a8d1178ea4bb0fe99	1785
scripts/evaluate_benchmark.py	release:scripts/evaluate_benchmark.py	inference	Release reproduction; see docs/experiments.md	release-working-tree	451d6e90dee69d12e8e0061c3501a16f6bef26eaf92d1baff82f1bec2a18a5b8	5259	include	Release-authored artifact; QA status in docs/release_checks.md	451d6e90dee69d12e8e0061c3501a16f6bef26eaf92d1baff82f1bec2a18a5b8	5259
scripts/export_model.py	release:scripts/export_model.py	inference	Release reproduction; see docs/experiments.md	release-working-tree	671a7610f9eea71d87ce6637725e2dd63660dd677463f5838ccd198942721422	5183	include	Release-authored artifact; QA status in docs/release_checks.md	671a7610f9eea71d87ce6637725e2dd63660dd677463f5838ccd198942721422	5183
scripts/infer.py	release:scripts/infer.py	inference	Release reproduction; see docs/experiments.md	release-working-tree	a5d2ee545e4c397b8d8c5339d9130fdd73b0bc4db6e5478975c0fca825cae7f4	1754	include	Release-authored artifact; QA status in docs/release_checks.md	a5d2ee545e4c397b8d8c5339d9130fdd73b0bc4db6e5478975c0fca825cae7f4	1754
scripts/inspect_dependency_licenses.py	release:scripts/inspect_dependency_licenses.py	inference	Release reproduction; see docs/experiments.md	release-working-tree	122e813cbfa48387112c815b68f14aaa8f121d06bb661bd59e2b063fc1449289	2202	include	Release-authored artifact; QA status in docs/release_checks.md	122e813cbfa48387112c815b68f14aaa8f121d06bb661bd59e2b063fc1449289	2202
scripts/load_export.py	release:scripts/load_export.py	inference	Release reproduction; see docs/experiments.md	release-working-tree	debd5ac7010248986779b40819ddb97cfcc67e2e3e34a1c1e21160e74ef0e06a	2007	include	Release-authored artifact; QA status in docs/release_checks.md	debd5ac7010248986779b40819ddb97cfcc67e2e3e34a1c1e21160e74ef0e06a	2007
scripts/measure_inverse_runtime.py	release:scripts/measure_inverse_runtime.py	inference	Release reproduction; see docs/experiments.md	release-working-tree	961458ce162086514e55ebae37f75fd83d94fc9b6a587a63cc5e6d95a91e1eac	7323	include	Release-authored artifact; QA status in docs/release_checks.md	961458ce162086514e55ebae37f75fd83d94fc9b6a587a63cc5e6d95a91e1eac	7323
scripts/measure_resident_runtime.py	release:scripts/measure_resident_runtime.py	inference	Release reproduction; see docs/experiments.md	release-working-tree	18d2c244797db7b26e7107d79417f90fbbe7aa2d116ea8fd1ceddd42f214446b	17582	include	Release-authored artifact; QA status in docs/release_checks.md	18d2c244797db7b26e7107d79417f90fbbe7aa2d116ea8fd1ceddd42f214446b	17582
scripts/package_benchmark_table.py	release:scripts/package_benchmark_table.py	analysis	Release reproduction; see docs/experiments.md	release-working-tree	cc170d10ee67dcc944d8c221cadc2175bc3ec0c556ee427a75f902195e89e560	4350	include	Release-authored artifact; QA status in docs/release_checks.md	cc170d10ee67dcc944d8c221cadc2175bc3ec0c556ee427a75f902195e89e560	4350
scripts/package_checkpoint_curve.py	release:scripts/package_checkpoint_curve.py	inference	Release reproduction; see docs/experiments.md	release-working-tree	a45ca6a3877da6b42fbd2474906579bd018e7e4167345285053b97613662ead1	4945	include	Release-authored artifact; QA status in docs/release_checks.md	a45ca6a3877da6b42fbd2474906579bd018e7e4167345285053b97613662ead1	4945
scripts/package_composition_data.py	release:scripts/package_composition_data.py	inference	Release reproduction; see docs/experiments.md	release-working-tree	05f0b5213f86c205d3b4a5bfdf5a126599045b66f1936db94dc21627b217af06	3205	include	Release-authored artifact; QA status in docs/release_checks.md	05f0b5213f86c205d3b4a5bfdf5a126599045b66f1936db94dc21627b217af06	3205
scripts/package_dataset_provenance.py	release:scripts/package_dataset_provenance.py	inference	Release reproduction; see docs/experiments.md	release-working-tree	a978fc3c4da478cb8a730472468634d1d7d2463fc6b8a1286e59d78a8b24c9bc	1924	include	Release-authored artifact; QA status in docs/release_checks.md	a978fc3c4da478cb8a730472468634d1d7d2463fc6b8a1286e59d78a8b24c9bc	1924
scripts/package_hg_cost.py	release:scripts/package_hg_cost.py	inference	Release reproduction; see docs/experiments.md	release-working-tree	12f2db78dff8c056d8ab9953189c5f80fee19e1fcfc62cfd0c293961a02cb4d5	4249	include	Release-authored artifact; QA status in docs/release_checks.md	12f2db78dff8c056d8ab9953189c5f80fee19e1fcfc62cfd0c293961a02cb4d5	4249
scripts/package_hg_source_data.py	release:scripts/package_hg_source_data.py	inference	Release reproduction; see docs/experiments.md	release-working-tree	a202b41ab757548a43bc8445924d7680fb3b0cfdde52665130d8be5b26108b8a	3399	include	Release-authored artifact; QA status in docs/release_checks.md	a202b41ab757548a43bc8445924d7680fb3b0cfdde52665130d8be5b26108b8a	3399
scripts/package_overlap_sensitivity.py	release:scripts/package_overlap_sensitivity.py	inference	Release reproduction; see docs/experiments.md	release-working-tree	afe8772a42f6513d96f2fbfc2df1bdeed53b5b7a3a688f0ae4183f8860d92ea2	5086	include	Release-authored artifact; QA status in docs/release_checks.md	afe8772a42f6513d96f2fbfc2df1bdeed53b5b7a3a688f0ae4183f8860d92ea2	5086
scripts/package_remaining_figure_data.py	release:scripts/package_remaining_figure_data.py	inference	Release reproduction; see docs/experiments.md	release-working-tree	0da370e719e8068bdfa7cf6ec7a35080dabd0f554f1538ad23b3d0939d39726c	5002	include	Release-authored artifact; QA status in docs/release_checks.md	0da370e719e8068bdfa7cf6ec7a35080dabd0f554f1538ad23b3d0939d39726c	5002
scripts/paper_metrics.py	release:scripts/paper_metrics.py	inference	Release reproduction; see docs/experiments.md	release-working-tree	4c27fa1b93427ecb3843a571694fe59deae2a3e14087a20d382985cfdcebe8e2	1202	include	Release-authored artifact; QA status in docs/release_checks.md	4c27fa1b93427ecb3843a571694fe59deae2a3e14087a20d382985cfdcebe8e2	1202
scripts/render_hg_panels.py	release:scripts/render_hg_panels.py	inference	Release reproduction; see docs/experiments.md	release-working-tree	77730fef8502ee836360c414dbde84dbf2f454376c91df54a89f815f289f4f4e	5116	include	Release-authored artifact; QA status in docs/release_checks.md	77730fef8502ee836360c414dbde84dbf2f454376c91df54a89f815f289f4f4e	5116
scripts/resolve_hg_contracts.py	release:scripts/resolve_hg_contracts.py	inference	Release reproduction; see docs/experiments.md	release-working-tree	297886938a830bf81482b7ab4555ef49a1950ddbd5a4dc51e6f73958f7ef1845	3292	include	Release-authored artifact; QA status in docs/release_checks.md	297886938a830bf81482b7ab4555ef49a1950ddbd5a4dc51e6f73958f7ef1845	3292
scripts/runtime_samplers.py	release:scripts/runtime_samplers.py	inference	Release reproduction; see docs/experiments.md	release-working-tree	23dd1f931e4808d06100fa7547f35ddac04933197e33b6fe06cc5a5243d5f95e	16401	include	Release-authored artifact; QA status in docs/release_checks.md	23dd1f931e4808d06100fa7547f35ddac04933197e33b6fe06cc5a5243d5f95e	16401
scripts/update_inventory.py	release:scripts/update_inventory.py	docs	Release reproduction; see docs/experiments.md	release-working-tree	81f91644b2aca3841f950542e37eb63133f24f6a79d687109208866188f3b0f8	2773	include	Release-authored artifact; QA status in docs/release_checks.md	81f91644b2aca3841f950542e37eb63133f24f6a79d687109208866188f3b0f8	2773
tests/test_benchmark_guards.py	release:tests/test_benchmark_guards.py	docs	Release reproduction; see docs/experiments.md	release-working-tree	597291f96f0e027435103c8fd3f0f4699c026276311d655e18d31c4663275383	1708	include	Release-authored artifact; QA status in docs/release_checks.md	597291f96f0e027435103c8fd3f0f4699c026276311d655e18d31c4663275383	1708
tests/test_export_identity.py	release:tests/test_export_identity.py	docs	Release reproduction; see docs/experiments.md	release-working-tree	cb5f16d0ad661f1b3e48e3154dfdf4577a7984039cec29bef4dd08ff10a40d1f	810	include	Release-authored artifact; QA status in docs/release_checks.md	cb5f16d0ad661f1b3e48e3154dfdf4577a7984039cec29bef4dd08ff10a40d1f	810
tests/test_finite_policy.py	release:tests/test_finite_policy.py	docs	Release reproduction; see docs/experiments.md	release-working-tree	8cacf89cb01c216d344a3948cac4ef8ac678ed0e7eb6710ce32011ef85c6ca11	2756	include	Release-authored artifact; QA status in docs/release_checks.md	8cacf89cb01c216d344a3948cac4ef8ac678ed0e7eb6710ce32011ef85c6ca11	2756
tests/test_inverse_runtime.py	release:tests/test_inverse_runtime.py	docs	Release reproduction; see docs/experiments.md	release-working-tree	f16c554856f277eb9a75b0da838271c7470605bae81e3d6219b69841dd591c53	2291	include	Release-authored artifact; QA status in docs/release_checks.md	f16c554856f277eb9a75b0da838271c7470605bae81e3d6219b69841dd591c53	2291
tests/test_paper_metrics.py	release:tests/test_paper_metrics.py	docs	Release reproduction; see docs/experiments.md	release-working-tree	953339accc06723449d6cefc74d51b743ba8cc62a1851a826ab338504441e14d	1561	include	Release-authored artifact; QA status in docs/release_checks.md	953339accc06723449d6cefc74d51b743ba8cc62a1851a826ab338504441e14d	1561
tests/test_runtime_execution.py	release:tests/test_runtime_execution.py	docs	Release reproduction; see docs/experiments.md	release-working-tree	6acfc2f5344bcf0f7490684dd9f73eaa8d3b61176fec177a5f0cad7efdc3bf0f	6017	include	Release-authored artifact; QA status in docs/release_checks.md	6acfc2f5344bcf0f7490684dd9f73eaa8d3b61176fec177a5f0cad7efdc3bf0f	6017
tests/test_runtime_source.py	release:tests/test_runtime_source.py	docs	Release reproduction; see docs/experiments.md	release-working-tree	f5e8741049c6ce508a8ba23bc7b3a7dc0a439ae898b8101f4591998b23189a5d	1740	include	Release-authored artifact; QA status in docs/release_checks.md	f5e8741049c6ce508a8ba23bc7b3a7dc0a439ae898b8101f4591998b23189a5d	1740
