method,method_type,benchmark,tasks,K,pass_at_1,pass_at_8,mfe_at_1,mfe_at_8,bad_count,diversity,best_pair_f1,best_NED,best_target_probability,total_parameters,trainable_parameters,compute_budget_matched,candidate_budget_semantics,normalized_candidates_sha256,source_summary_sha256
RNA-IFlow,neural generator,eterna100v2,100,8,0.30333333333333334,0.52,0.31333333333333335,0.5366666666666666,0,0.9979166666666667,0.8731280929388864,0.10173169809606376,0.4089115233626367,87548613,86958021,False,8 sampled final sequences,c3e18f53527e237a1bf58e6eb4e2efd8c24f51c9dbebb1fc969c858bcb56e83c,03c930b8bf9f46609cc6095f781502f27dc5aa1b100b0eb45043f20f4d5e1966
RNA-Design-LM SL,neural generator,eterna100v2,100,8,0.2633333333333333,0.43333333333333335,0.27,0.44333333333333336,0,0.9995833333333334,0.7734766329543907,0.16938334917720377,0.3363846969870059,357921408,,False,8 sampled final sequences,7bf0224ebc45438ef8cee2d3a2d63832b777ba81a9d598d356ba8eb7f46934ba,5175bb43c93f307bad1ea89230a85f859a89e7b78781674a3e6c241003488a26
RNA-IFlow,neural generator,eterna100,100,8,0.3,0.4866666666666667,0.31,0.5066666666666667,0,0.9975,0.859579441595864,0.10985720590350354,0.3987861893299176,87548613,86958021,False,8 sampled final sequences,9300461dc40f11171744ee63d88ccb80b025e31a9cbfeb65587c8d00d84f03e4,e04f9df0c10003ac26bc11ad853f2b38d3bbeacd35d0c27a30f4e12798728bdf
RNA-Design-LM SL,neural generator,eterna100,100,8,0.2633333333333333,0.4266666666666667,0.27,0.43333333333333335,0,0.9995833333333334,0.7669061131339764,0.17017024279410056,0.332566035008026,357921408,,False,8 sampled final sequences,c954bea4491adb21c30e43ac99c99a9ee6bdab1cd93fe663e2f0811379089ffb,c97e3d0dd9e7b0af589f359e7d3d391422ae24e4a411e3177e4f7d0e0a8d29b0
RNA-IFlow,neural generator,rfam27,27,8,0.654320987654321,0.8271604938271605,0.6666666666666666,0.8395061728395061,0,1.0,0.9943530541741383,0.010356311138125844,0.7157994169321441,87548613,86958021,False,8 sampled final sequences,e6a5badc2d89c23779690ba6667a5300f1130637f29c36953083b04f840cdc6b,771e9beaa88a8e6ea92193fd6cb68969caf2ff7be6acfd0e2ef96e5d36da95e7
RNA-Design-LM SL,neural generator,rfam27,27,8,0.5185185185185185,0.7530864197530864,0.5185185185185185,0.7530864197530864,0,1.0,0.9813989011880556,0.026742675760851195,0.6200412791781169,357921408,,False,8 sampled final sequences,763e49b72b96743a9ea9f7eb6db0009088685e78e0f737416bf78088b8f96673,33a0020f729281018054c91d4ff7796eaf5bdc67ea197571229297e4ced2e903
RNA-IFlow-RL,neural generator,eterna100v2,100,8,0.54,0.65,0.5433333333333333,0.6733333333333333,0,0.93625,0.9395941365911123,0.053448994493878806,0.539795624708143,87548613,14494917,False,8 sampled final sequences,da6bbcb19272ddae1cd61e56d70cd5610a5987235552972cc53c6c7a0c19b7cb,abe3e1662e10f0e56b7dad4348475211a414da0f440434495e436978a7ef5ad3
RNA-IFlow-RL,neural generator,eterna100,100,8,0.5066666666666667,0.6166666666666667,0.5233333333333333,0.6466666666666666,0,0.9333333333333333,0.924697924442453,0.05926163132455652,0.5283424576940402,87548613,14494917,False,8 sampled final sequences,de2ef34efec59fce96abd6d3b3fa07fcfae519888eaa50a3220e44c21dfd9a24,1704851e963a051ec37fec7d90e58f94276a9f79ac905f499f222b839a13f9bb
RNA-IFlow-RL,neural generator,rfam27,27,8,0.8518518518518519,0.8765432098765432,0.8518518518518519,0.8765432098765432,0,0.9907407407407407,0.9968959097336988,0.005738071096201788,0.7785353934645094,87548613,14494917,False,8 sampled final sequences,1ea869dafe21835baaeeececf7511d356379ec8845f136c9c80af4be1e614969,ed9225e8aa24e6a80639b8003fdc5533b8d04b3588f5f96d9552d76923271cd7
RNA-Design-LM SL+RL,neural generator,eterna100v2,100,8,0.5133333333333333,0.6366666666666667,0.5233333333333333,0.6566666666666666,0,0.9783333333333334,0.9324498203626117,0.0651931307592294,0.525625735768784,357921408,,False,8 sampled final sequences,d0aeb3bcbfd16bfc5801c0168ccfc7c9214060b71bd6b11e2824397e6abf5688,23adf3a75e4e3de12a6559780126ca5e9ffb0704def2d0d9c80c84b0556a8325
RNA-Design-LM SL+RL,neural generator,eterna100,100,8,0.5033333333333333,0.6133333333333333,0.5166666666666667,0.6333333333333333,0,0.98125,0.9196352395307154,0.06905405856027483,0.5165226802509248,357921408,,False,8 sampled final sequences,db80913ee7ad9d02c9e9d402c0ee7d8316febfe1169dd710fb7016d6ac5ac7bb,aaa0f7df6716944224832d34d28416f11dd1dfb0e54d5f54a50481b6359cf1f9
RNA-Design-LM SL+RL,neural generator,rfam27,27,8,0.8148148148148148,0.8641975308641975,0.8148148148148148,0.8641975308641975,0,1.0,0.9969824175319065,0.005814671358235417,0.7764984328141494,357921408,,False,8 sampled final sequences,25e84688c24ccd0ea92f70b1a4689c4c487d04a894c9ba57db7c0d154bcf9286,6bc5fe0af98e8b864405405e2bbaba899b01713ca90dc5088ecfffcfbeb86102
GoForth,neural generator,eterna100v2,100,8,0.3933333333333333,0.57,0.41333333333333333,0.5833333333333334,0,0.98625,0.9236269758455351,0.08038007708339345,0.34988941976740323,59392004,,False,8 sampled final sequences,4fb872ba59fab57c8d923dafcd52682cdf0ad698aec640e0299b664e9bbb6caf,67d57696822aa01725d2741eee2e528482cf833898b7bca30cc97b07d53c8407
DRAG,search-based baseline,eterna100v2,100,8,0.36333333333333334,0.5133333333333333,0.36333333333333334,0.52,0,0.8029166666666666,0.9061962332541725,0.13454881924460368,0.2391272721496172,37285,,False,8 returned designs/restarts; additional internal search,3bf30f1d4df84905b78bc12fbce9bb7c2053e5098f20ae7f4f581fa0ef8a3eb6,9d8f152885dc7b7b67f045dba97bee37b17ee4a26b089193feae5dd7a17cffd4
RNAinverse-pf,search-based baseline,eterna100v2,100,8,0.43666666666666665,0.5433333333333333,0.4533333333333333,0.57,0,0.6429166666666667,0.6543510891550887,0.3624828983175194,0.43442260295602336,,,False,8 returned designs/restarts; additional internal search,60676d26783b03783ef9978c2b665f7111f9056fb6fce9cf4e49bce32c7ca20a,fc034cc3d30ee6ad320c877a6db26bb717f46cfd841c913dba17a4663e654827
GoForth,neural generator,eterna100,100,8,0.3933333333333333,0.5666666666666667,0.41333333333333333,0.5733333333333334,0,0.9858333333333333,0.9115933907154908,0.08481243217744625,0.3435239716957945,59392004,,False,8 sampled final sequences,38d338c69e211568d2ad21a8bca78864947f111e2eb8a61e2e9bf4184837670b,836f4f44bde71a80f36bd16930fcf55daa0a0e826b595ab4796714df896bf935
DRAG,search-based baseline,eterna100,100,8,0.36333333333333334,0.5133333333333333,0.36333333333333334,0.5166666666666667,0,0.80625,0.8960273780361526,0.1372804166511019,0.23763850559334396,37285,,False,8 returned designs/restarts; additional internal search,3bd46f3a680f4ce6a55f2981d1e060dce8c4dee2db8938e45e2df5faf635dec5,5366cbcb1131ae68708a369dae8219e6881b88624611d0a9c63ac4382e147811
RNAinverse-pf,search-based baseline,eterna100,100,8,0.44333333333333336,0.51,0.45666666666666667,0.5266666666666666,0,0.64,0.644194503839566,0.35938347558334743,0.42917349373399094,,,False,8 returned designs/restarts; additional internal search,0df0944b0452ccec1b2f80241e044bff4f82ef746de177cc71179f1546f6359e,a56eac8d9f21d14438441d506fa1bf724c994f6946d48f934fe351e31e801922
GoForth,neural generator,rfam27,27,8,0.6296296296296297,0.7283950617283951,0.6296296296296297,0.7407407407407407,0,1.0,0.9930392548820312,0.0161876258305796,0.4878132756698885,59392004,,False,8 sampled final sequences,23b9e6cf6a3679e7464a4bbf8b5733f317bfad22993ba9b9abc101edf26cdd3a,7ae5f8cd86fb028b54297393fce2a8a267e48076bf4ed3359f0d0d1ecac542b0
DRAG,search-based baseline,rfam27,27,8,0.7160493827160493,0.8271604938271605,0.7407407407407407,0.8271604938271605,0,0.5169753086419753,0.9961805410743295,0.046752916333537904,0.4218386119278173,37285,,False,8 returned designs/restarts; additional internal search,15b6a12a0156cad1ef177216e3a008771632f1a0a0316f3be9fceee8dbbc5846,d0a5e604cb11a0ec08d9ebe5fea80ff7aa746b2646e6df8840372d381a3599fa
RNAinverse-pf,search-based baseline,rfam27,27,8,0.38271604938271603,0.4567901234567901,0.38271604938271603,0.4567901234567901,0,0.4398148148148148,0.49319941410336887,0.5075909463646959,0.43754634469984843,,,False,8 returned designs/restarts; additional internal search,c3726973502bed1410dea9ff97f22792fec5550549eeb7d08d15ef6bfa8ed0dc,a991b742af78fbb272ecdd0816fef8bea6e75445be8ba076d5740a12851fb19b
RNA-IFlow-RL,neural generator,rnasolo764,764,8,0.7120418848167539,0.731239092495637,0.7299301919720768,0.7543630017452007,0,0.918575479930192,0.978280558105131,0.01572884480106046,0.7108545344026469,87548613,14494917,False,8 sampled final sequences,8b8542686f9d934ffcdedbf9572454045485c66b25a1f503c3877cd5ca0b4064,67d9ac209c03a5a1bdd8210edfc393f840e0e614bc25c3f057534c27bdad6b42
RNA-IFlow,neural generator,rnasolo764,764,8,0.6164921465968587,0.7395287958115183,0.6339441535776614,0.7534904013961605,0,0.9992364746945899,0.9755423647443364,0.020337276657786722,0.6890179454707162,87548613,86958021,False,8 sampled final sequences,a03db70528fc953970191e0ffac76c77dc3698b868ebd792a1d1c00ca93d92c7,c7b4152e58bbdab58990c23b926ca55d205de7ce8b3d5a2b7b69322d08a0b2da
RNA-Design-LM SL,neural generator,rnasolo764,764,8,0.5951134380453752,0.7255671902268761,0.6068935427574171,0.737783595113438,0,0.9999454624781849,0.9651360120134429,0.034704497127403096,0.6418282184433103,357921408,,False,8 sampled final sequences,de42e9eefb5add3894fa45a8fcf0151cb92445187b4087f13bf3c47bf8de5c91,26b282e61d106cba094fd9fa924bdbfa071b75fe9fda9374bd152d375c737ae5
RNA-Design-LM SL+RL,neural generator,rnasolo764,764,8,0.7198952879581152,0.7530541012216405,0.7356020942408377,0.7657068062827225,0,0.9773669284467714,0.9807924380287104,0.015445045045820607,0.7156400419970256,357921408,,False,8 sampled final sequences,4111bbf4990938144ea0eb4d0d74b72a491708578a1821b56d7338cb7933539e,b22d00b320813aec604669770300d79fdb905452e1a5cac09bfe039c83b0f981
GoForth,neural generator,rnasolo764,764,8,0.62521815008726,0.7216404886561955,0.643979057591623,0.7347294938917975,0,0.9847840314136126,0.9755842896494645,0.02738498686553183,0.5858009068188216,59392004,,False,8 sampled final sequences,f1c4fbf06a7199180f0341fbd2aeeb22c0d2e915027d0fd5e21fe1c302023667,d44102d18e5e2e765998e10ab5cbb04791be85b19fd85069a1e6e41e71447760
