K,best_NED,best_pair_f1,best_target_probability,diversity,method,mfe_at_1,mfe_at_8,pass_at_1,pass_at_8,status,subset,task_condition_groups,tasks
8,0.01572884480106046,0.978280558105131,0.7108545344026469,0.918575479930192,RNA-IFlow-RL,0.7299301919720768,0.7543630017452007,0.7120418848167539,0.731239092495637,complete_posthoc_sensitivity,full764,2292,764
8,0.01587608922059004,0.9780216508507555,0.7077693406753568,0.9223509933774835,RNA-IFlow-RL,0.726710816777042,0.7514348785871965,0.7086092715231788,0.7280353200883002,complete_posthoc_sensitivity,exact_SFT_disjoint755,2265,755
8,0.003376674051634134,1.0,0.9696680081919725,0.6018518518518519,RNA-IFlow-RL,1.0,1.0,1.0,1.0,complete_posthoc_sensitivity,overlap9,27,9
8,0.020337276657786722,0.9755423647443364,0.6890179454707162,0.9992364746945899,RNA-IFlow,0.6339441535776614,0.7534904013961605,0.6164921465968587,0.7395287958115183,complete_posthoc_sensitivity,full764,2292,764
8,0.02054070453625743,0.975250816774402,0.6856589021054594,0.9992825607064018,RNA-IFlow,0.6313465783664459,0.7505518763796909,0.6136865342163356,0.7364238410596027,complete_posthoc_sensitivity,exact_SFT_disjoint755,2265,755
8,0.003271937963855285,1.0,0.9708043611116814,0.9953703703703703,RNA-IFlow,0.8518518518518519,1.0,0.8518518518518519,1.0,complete_posthoc_sensitivity,overlap9,27,9
8,0.034704497127403096,0.9651360120134429,0.6418282184433103,0.9999454624781849,RNA-Design-LM SL,0.6068935427574171,0.737783595113438,0.5951134380453752,0.7255671902268761,complete_posthoc_sensitivity,full764,2292,764
8,0.035078190286108944,0.9647204148056567,0.6379088826450936,0.9999448123620309,RNA-Design-LM SL,0.6026490066225165,0.7346578366445916,0.590728476821192,0.7222958057395144,complete_posthoc_sensitivity,exact_SFT_disjoint755,2265,755
8,0.003355793258190449,1.0,0.9706169437381454,1.0,RNA-Design-LM SL,0.9629629629629629,1.0,0.9629629629629629,1.0,complete_posthoc_sensitivity,overlap9,27,9
8,0.015445045045820607,0.9807924380287104,0.7156400419970256,0.9773669284467714,RNA-Design-LM SL+RL,0.7356020942408377,0.7657068062827225,0.7198952879581152,0.7530541012216405,complete_posthoc_sensitivity,full764,2292,764
8,0.015591431765440058,0.9805634737138209,0.7125943974233676,0.9783112582781457,RNA-Design-LM SL+RL,0.7324503311258278,0.7629139072847683,0.7165562913907285,0.7501103752759382,complete_posthoc_sensitivity,exact_SFT_disjoint755,2265,755
8,0.0031648257888556262,1.0,0.9711357812316613,0.8981481481481481,RNA-Design-LM SL+RL,1.0,1.0,1.0,1.0,complete_posthoc_sensitivity,overlap9,27,9
8,0.02738498686553183,0.9755842896494645,0.5858009068188216,0.9847840314136126,GoForth,0.643979057591623,0.7347294938917975,0.62521815008726,0.7216404886561955,complete_posthoc_sensitivity,full764,2292,764
8,0.027391327844618993,0.975293241446611,0.5825233110662714,0.9865894039735099,GoForth,0.6415011037527594,0.7315673289183223,0.6233995584988963,0.7183222958057395,complete_posthoc_sensitivity,exact_SFT_disjoint755,2265,755
8,0.026853049175442623,1.0,0.8607547727271961,0.8333333333333334,GoForth,0.8518518518518519,1.0,0.7777777777777778,1.0,complete_posthoc_sensitivity,overlap9,27,9
