update,P@1,P@8,task_seed_groups,candidates,summary_sha256
0,0.25,0.48,300,2400,eeeeb442081eed41753ba5b510b65b6ec2992c217c9f272991d612600a7132ac
352,0.45,0.62,300,2400,74bd93ef75850437d0b4f6a7fa92a5d6fb0e8bbb875aecfe68930794b2bfc85f
698,0.48333333333333334,0.64,300,2400,75204bd1d1025d03e4e279946ac6b20293556dd078be5d1a9497c558fbc00338
1008,0.49666666666666665,0.64,300,2400,bb19fe63548a8fe629d6e45a85422791188f0d5fa7ca4e7e7f8908d832409efc
1395,0.5133333333333333,0.65,300,2400,1cafd75253789f4f35a8be7ae1ad964e27b0a675cef5ed01179710dc4a63756f
1744,0.5233333333333333,0.6566666666666666,300,2400,68c2b78762013d421410ea9bad2340531a291e762bd53a87c2c14b6e3d714b02
2093,0.5333333333333333,0.6533333333333333,300,2400,8c452fa9eae76be1462ede341e349353c3d0a0eb843b971227db0d9fda3902a7
2442,0.54,0.65,300,2400,abe3e1662e10f0e56b7dad4348475211a414da0f440434495e436978a7ef5ad3
2790,0.53,0.65,300,2400,fc378e33bb457730d1ed5673a38cde4e1a07cca89adaf0b8633a5d1e146156d5
