metric,method,x,density
target_probability,finite-policy-no-RL,0.0,25.51039753507702
target_probability,finite-policy-no-RL,0.0025,25.388173141803833
target_probability,finite-policy-no-RL,0.005,25.025090726812653
target_probability,finite-policy-no-RL,0.0075,24.43174624108825
target_probability,finite-policy-no-RL,0.01,23.62522391417334
target_probability,finite-policy-no-RL,0.0125,22.628274080975608
target_probability,finite-policy-no-RL,0.015,21.468241121757163
target_probability,finite-policy-no-RL,0.0175,20.17581218511006
target_probability,finite-policy-no-RL,0.02,18.78366667690544
target_probability,finite-policy-no-RL,0.0225,17.32510926149967
target_probability,finite-policy-no-RL,0.025,15.832765415673798
target_probability,finite-policy-no-RL,0.0275,14.337409094215108
target_probability,finite-policy-no-RL,0.03,12.866978006529319
target_probability,finite-policy-no-RL,0.0325,11.445814909815459
target_probability,finite-policy-no-RL,0.035,10.094154899248796
target_probability,finite-policy-no-RL,0.0375,8.8278605927815
target_probability,finite-policy-no-RL,0.04,7.658390842763518
target_probability,finite-policy-no-RL,0.0425,6.592975305695633
target_probability,finite-policy-no-RL,0.045,5.63495760473302
target_probability,finite-policy-no-RL,0.0475,4.784264234278173
target_probability,finite-policy-no-RL,0.05,4.037954682473389
target_probability,finite-policy-no-RL,0.0525,3.390810045654658
target_probability,finite-policy-no-RL,0.055,2.8359219925771644
target_probability,finite-policy-no-RL,0.0575,2.3652504791947893
target_probability,finite-policy-no-RL,0.06,1.9701262550109764
target_probability,finite-policy-no-RL,0.0625,1.641682132356308
target_probability,finite-policy-no-RL,0.065,1.3712045266394373
target_probability,finite-policy-no-RL,0.0675,1.1504034011376605
target_probability,finite-policy-no-RL,0.07,0.9716041299643875
target_probability,finite-policy-no-RL,0.0725,0.8278687708538852
target_probability,finite-policy-no-RL,0.075,0.713056813475819
target_probability,finite-policy-no-RL,0.0775,0.6218367581036178
target_probability,finite-policy-no-RL,0.08,0.5496600847202259
target_probability,finite-policy-no-RL,0.0825,0.4927085392333987
target_probability,finite-policy-no-RL,0.085,0.4478244472607798
target_probability,finite-policy-no-RL,0.08750000000000001,0.4124322073024907
target_probability,finite-policy-no-RL,0.09,0.3844574209437095
target_probability,finite-policy-no-RL,0.0925,0.3622484514894969
target_probability,finite-policy-no-RL,0.095,0.34450368113666074
target_probability,finite-policy-no-RL,0.0975,0.330206433291319
target_probability,finite-policy-no-RL,0.1,0.3185684755582676
target_probability,finite-policy-no-RL,0.10250000000000001,0.30898222447237866
target_probability,finite-policy-no-RL,0.105,0.3009812174461325
target_probability,finite-policy-no-RL,0.1075,0.29420806889830037
target_probability,finite-policy-no-RL,0.11,0.2883889472074702
target_probability,finite-policy-no-RL,0.1125,0.28331355643161504
target_probability,finite-policy-no-RL,0.115,0.2788196433734036
target_probability,finite-policy-no-RL,0.11750000000000001,0.274781143128431
target_probability,finite-policy-no-RL,0.12,0.2710991975348407
target_probability,finite-policy-no-RL,0.1225,0.2676954104026901
target_probability,finite-policy-no-RL,0.125,0.2645068268688045
target_probability,finite-policy-no-RL,0.1275,0.2614822331539532
target_probability,finite-policy-no-RL,0.13,0.2585794634542284
target_probability,finite-policy-no-RL,0.1325,0.25576347220150836
target_probability,finite-policy-no-RL,0.135,0.2530049843337422
target_probability,finite-policy-no-RL,0.1375,0.25027957667882156
target_probability,finite-policy-no-RL,0.14,0.24756707366506736
target_probability,finite-policy-no-RL,0.14250000000000002,0.24485116369318796
target_probability,finite-policy-no-RL,0.145,0.24211916134821515
target_probability,finite-policy-no-RL,0.1475,0.23936185703103582
target_probability,finite-policy-no-RL,0.15,0.23657341048605965
target_probability,finite-policy-no-RL,0.1525,0.23375125826437743
target_probability,finite-policy-no-RL,0.155,0.2308960170238477
target_probability,finite-policy-no-RL,0.1575,0.22801137410502165
target_probability,finite-policy-no-RL,0.16,0.22510396342897188
target_probability,finite-policy-no-RL,0.1625,0.22218322807978222
target_probability,finite-policy-no-RL,0.165,0.21926127099451936
target_probability,finite-policy-no-RL,0.1675,0.21635269246882363
target_probability,finite-policy-no-RL,0.17,0.21347440858716699
target_probability,finite-policy-no-RL,0.17250000000000001,0.2106454393839769
target_probability,finite-policy-no-RL,0.17500000000000002,0.20788665083509877
target_probability,finite-policy-no-RL,0.1775,0.20522043189524525
target_probability,finite-policy-no-RL,0.18,0.20267028770805542
target_probability,finite-policy-no-RL,0.1825,0.2002603333947831
target_probability,finite-policy-no-RL,0.185,0.19801467956520052
target_probability,finite-policy-no-RL,0.1875,0.19595671047754376
target_probability,finite-policy-no-RL,0.19,0.1941082677363019
target_probability,finite-policy-no-RL,0.1925,0.19248876533982764
target_probability,finite-policy-no-RL,0.195,0.1911142743493726
target_probability,finite-policy-no-RL,0.1975,0.18999662597835917
target_probability,finite-policy-no-RL,0.2,0.18914258914564633
target_probability,finite-policy-no-RL,0.2025,0.18855318141434574
target_probability,finite-policy-no-RL,0.20500000000000002,0.18822317004436795
target_probability,finite-policy-no-RL,0.20750000000000002,0.18814081237692157
target_probability,finite-policy-no-RL,0.21,0.1882878721919723
target_probability,finite-policy-no-RL,0.2125,0.18863993177358204
target_probability,finite-policy-no-RL,0.215,0.18916699936545184
target_probability,finite-policy-no-RL,0.2175,0.18983439004526026
target_probability,finite-policy-no-RL,0.22,0.19060383658764019
target_probability,finite-policy-no-RL,0.2225,0.1914347675304814
target_probability,finite-policy-no-RL,0.225,0.19228567427145676
target_probability,finite-policy-no-RL,0.2275,0.193115479252728
target_probability,finite-policy-no-RL,0.23,0.1938848144149801
target_probability,finite-policy-no-RL,0.2325,0.1945571238622628
target_probability,finite-policy-no-RL,0.23500000000000001,0.19509951717520188
target_probability,finite-policy-no-RL,0.23750000000000002,0.19548331942440564
target_probability,finite-policy-no-RL,0.24,0.19568428932739024
target_probability,finite-policy-no-RL,0.2425,0.19568250616183858
target_probability,finite-policy-no-RL,0.245,0.19546195647786677
target_probability,finite-policy-no-RL,0.2475,0.19500988051476625
target_probability,finite-policy-no-RL,0.25,0.19431596264791684
target_probability,finite-policy-no-RL,0.2525,0.19337146753646112
target_probability,finite-policy-no-RL,0.255,0.19216843181141116
target_probability,finite-policy-no-RL,0.2575,0.19069901882391205
target_probability,finite-policy-no-RL,0.26,0.1889551308268986
target_probability,finite-policy-no-RL,0.2625,0.18692834972394926
target_probability,finite-policy-no-RL,0.265,0.1846102459768218
target_probability,finite-policy-no-RL,0.2675,0.18199305813485128
target_probability,finite-policy-no-RL,0.27,0.17907070614272302
target_probability,finite-policy-no-RL,0.2725,0.17584006387530485
target_probability,finite-policy-no-RL,0.275,0.17230238401202258
target_probability,finite-policy-no-RL,0.2775,0.16846474477970622
target_probability,finite-policy-no-RL,0.28,0.16434137589256406
target_probability,finite-policy-no-RL,0.28250000000000003,0.1599547217912543
target_probability,finite-policy-no-RL,0.28500000000000003,0.15533611439162037
target_probability,finite-policy-no-RL,0.28750000000000003,0.15052595406619598
target_probability,finite-policy-no-RL,0.29,0.1455733343420358
target_probability,finite-policy-no-RL,0.2925,0.1405350896214309
target_probability,finite-policy-no-RL,0.295,0.13547429220600335
target_probability,finite-policy-no-RL,0.2975,0.13045827077113342
target_probability,finite-policy-no-RL,0.3,0.12555626300805675
target_probability,finite-policy-no-RL,0.3025,0.12083684671673296
target_probability,finite-policy-no-RL,0.305,0.11636531332673478
target_probability,finite-policy-no-RL,0.3075,0.11220115389593449
target_probability,finite-policy-no-RL,0.31,0.10839581961629496
target_probability,finite-policy-no-RL,0.3125,0.10499089758210658
target_probability,finite-policy-no-RL,0.315,0.10201681009997426
target_probability,finite-policy-no-RL,0.3175,0.09949210518711955
target_probability,finite-policy-no-RL,0.32,0.09742336084179816
target_probability,finite-policy-no-RL,0.3225,0.09580568021167246
target_probability,finite-policy-no-RL,0.325,0.09462371288179372
target_probability,finite-policy-no-RL,0.3275,0.09385310264283796
target_probability,finite-policy-no-RL,0.33,0.09346223699653448
target_probability,finite-policy-no-RL,0.3325,0.09341416002063437
target_probability,finite-policy-no-RL,0.335,0.09366850864130796
target_probability,finite-policy-no-RL,0.3375,0.09418334231461793
target_probability,finite-policy-no-RL,0.34,0.09491675605476235
target_probability,finite-policy-no-RL,0.3425,0.09582819430837429
target_probability,finite-policy-no-RL,0.34500000000000003,0.09687941546483993
target_probability,finite-policy-no-RL,0.34750000000000003,0.0980350906831499
target_probability,finite-policy-no-RL,0.35000000000000003,0.09926305315293527
target_probability,finite-policy-no-RL,0.3525,0.10053424219205517
target_probability,finite-policy-no-RL,0.355,0.10182240859232924
target_probability,finite-policy-no-RL,0.3575,0.1031036619584528
target_probability,finite-policy-no-RL,0.36,0.10435594682895108
target_probability,finite-policy-no-RL,0.3625,0.10555853227692262
target_probability,finite-policy-no-RL,0.365,0.10669159029660294
target_probability,finite-policy-no-RL,0.3675,0.1077359229606057
target_probability,finite-policy-no-RL,0.37,0.10867287881477929
target_probability,finite-policy-no-RL,0.3725,0.10948447717156105
target_probability,finite-policy-no-RL,0.375,0.11015373677725056
target_probability,finite-policy-no-RL,0.3775,0.11066518452271644
target_probability,finite-policy-no-RL,0.38,0.11100550193612505
target_probability,finite-policy-no-RL,0.3825,0.11116425329865172
target_probability,finite-policy-no-RL,0.385,0.11113463014600723
target_probability,finite-policy-no-RL,0.3875,0.1109141430715417
target_probability,finite-policy-no-RL,0.39,0.11050519318897123
target_probability,finite-policy-no-RL,0.3925,0.10991546208547918
target_probability,finite-policy-no-RL,0.395,0.10915807006566389
target_probability,finite-policy-no-RL,0.3975,0.10825146718955736
target_probability,finite-policy-no-RL,0.4,0.10721903909184369
target_probability,finite-policy-no-RL,0.4025,0.106088428736614
target_probability,finite-policy-no-RL,0.405,0.10489059491246516
target_probability,finite-policy-no-RL,0.40750000000000003,0.10365864715328645
target_probability,finite-policy-no-RL,0.41000000000000003,0.10242651363156612
target_probability,finite-policy-no-RL,0.41250000000000003,0.10122751223488292
target_probability,finite-policy-no-RL,0.41500000000000004,0.10009290446858786
target_probability,finite-policy-no-RL,0.4175,0.09905051621708028
target_probability,finite-policy-no-RL,0.42,0.0981235082278128
target_probability,finite-policy-no-RL,0.4225,0.0973293723008355
target_probability,finite-policy-no-RL,0.425,0.09667921681853427
target_probability,finite-policy-no-RL,0.4275,0.09617738809727272
target_probability,finite-policy-no-RL,0.43,0.09582145314342047
target_probability,finite-policy-no-RL,0.4325,0.09560254615042098
target_probability,finite-policy-no-RL,0.435,0.09550605713203308
target_probability,finite-policy-no-RL,0.4375,0.09551261823222455
target_probability,finite-policy-no-RL,0.44,0.09559932325795724
target_probability,finite-policy-no-RL,0.4425,0.09574110046146704
target_probability,finite-policy-no-RL,0.445,0.0959121488617848
target_probability,finite-policy-no-RL,0.4475,0.09608734531458739
target_probability,finite-policy-no-RL,0.45,0.09624353345663329
target_probability,finite-policy-no-RL,0.4525,0.09636061632244218
target_probability,finite-policy-no-RL,0.455,0.09642239102646923
target_probability,finite-policy-no-RL,0.4575,0.09641708506224225
target_probability,finite-policy-no-RL,0.46,0.09633757770699256
target_probability,finite-policy-no-RL,0.4625,0.09618131468611643
target_probability,finite-policy-no-RL,0.465,0.09594994751847377
target_probability,finite-policy-no-RL,0.4675,0.09564874882802175
target_probability,finite-policy-no-RL,0.47000000000000003,0.0952858696864223
target_probability,finite-policy-no-RL,0.47250000000000003,0.09487151354724255
target_probability,finite-policy-no-RL,0.47500000000000003,0.09441710294928256
target_probability,finite-policy-no-RL,0.47750000000000004,0.09393450996393336
target_probability,finite-policy-no-RL,0.48,0.09343541003815385
target_probability,finite-policy-no-RL,0.4825,0.09293080269536068
target_probability,finite-policy-no-RL,0.485,0.09243072317147207
target_probability,finite-policy-no-RL,0.4875,0.0919441483889059
target_probability,finite-policy-no-RL,0.49,0.09147908065378309
target_probability,finite-policy-no-RL,0.4925,0.09104277489735586
target_probability,finite-policy-no-RL,0.495,0.09064206165628393
target_probability,finite-policy-no-RL,0.4975,0.09028370935205983
target_probability,finite-policy-no-RL,0.5,0.08997476634603685
target_probability,finite-policy-no-RL,0.5025000000000001,0.08972282576423544
target_probability,finite-policy-no-RL,0.505,0.08953616378627986
target_probability,finite-policy-no-RL,0.5075000000000001,0.08942371416091012
target_probability,finite-policy-no-RL,0.51,0.08939485703550132
target_probability,finite-policy-no-RL,0.5125,0.08945901747066987
target_probability,finite-policy-no-RL,0.515,0.08962508687575492
target_probability,finite-policy-no-RL,0.5175,0.08990069768773198
target_probability,finite-policy-no-RL,0.52,0.09029139666811162
target_probability,finite-policy-no-RL,0.5225,0.09079977412289103
target_probability,finite-policy-no-RL,0.525,0.09142461429652322
target_probability,finite-policy-no-RL,0.5275,0.09216013555339438
target_probability,finite-policy-no-RL,0.53,0.09299538743470555
target_probability,finite-policy-no-RL,0.5325,0.0939138652725824
target_probability,finite-policy-no-RL,0.535,0.09489339208239989
target_probability,finite-policy-no-RL,0.5375,0.09590630257257224
target_probability,finite-policy-no-RL,0.54,0.09691994622204773
target_probability,finite-policy-no-RL,0.5425,0.0978975066238053
target_probability,finite-policy-no-RL,0.545,0.09879911398324315
target_probability,finite-policy-no-RL,0.5475,0.09958320817263962
target_probability,finite-policy-no-RL,0.55,0.10020809243032368
target_probability,finite-policy-no-RL,0.5525,0.10063360388048793
target_probability,finite-policy-no-RL,0.555,0.10082281753575546
target_probability,finite-policy-no-RL,0.5575,0.10074369602243015
target_probability,finite-policy-no-RL,0.56,0.10037059826868114
target_probability,finite-policy-no-RL,0.5625,0.09968556676306929
target_probability,finite-policy-no-RL,0.5650000000000001,0.09867932429161787
target_probability,finite-policy-no-RL,0.5675,0.09735192652642019
target_probability,finite-policy-no-RL,0.5700000000000001,0.09571303542961793
target_probability,finite-policy-no-RL,0.5725,0.0937817989343216
target_probability,finite-policy-no-RL,0.5750000000000001,0.09158634346462909
target_probability,finite-policy-no-RL,0.5775,0.08916290626689691
target_probability,finite-policy-no-RL,0.58,0.08655465304670543
target_probability,finite-policy-no-RL,0.5825,0.08381024200905704
target_probability,finite-policy-no-RL,0.585,0.08098220726655031
target_probability,finite-policy-no-RL,0.5875,0.07812524213831518
target_probability,finite-policy-no-RL,0.59,0.0752944657919203
target_probability,finite-policy-no-RL,0.5925,0.07254375491216328
target_probability,finite-policy-no-RL,0.595,0.06992421578375764
target_probability,finite-policy-no-RL,0.5975,0.06748286174043264
target_probability,finite-policy-no-RL,0.6,0.06526154695646294
target_probability,finite-policy-no-RL,0.6025,0.06329619082027839
target_probability,finite-policy-no-RL,0.605,0.06161630858191637
target_probability,finite-policy-no-RL,0.6075,0.06024484469411998
target_probability,finite-policy-no-RL,0.61,0.05919828645905495
target_probability,finite-policy-no-RL,0.6125,0.05848701848349451
target_probability,finite-policy-no-RL,0.615,0.05811586424374068
target_probability,finite-policy-no-RL,0.6175,0.05808475086190305
target_probability,finite-policy-no-RL,0.62,0.05838942787824021
target_probability,finite-policy-no-RL,0.6225,0.059022170937544916
target_probability,finite-policy-no-RL,0.625,0.05997240705827467
target_probability,finite-policy-no-RL,0.6275000000000001,0.06122720922867264
target_probability,finite-policy-no-RL,0.63,0.06277162370280391
target_probability,finite-policy-no-RL,0.6325000000000001,0.06458881233104766
target_probability,finite-policy-no-RL,0.635,0.066660012968776
target_probability,finite-policy-no-RL,0.6375000000000001,0.06896434164511724
target_probability,finite-policy-no-RL,0.64,0.0714784788573707
target_probability,finite-policy-no-RL,0.6425,0.07417629732416015
target_probability,finite-policy-no-RL,0.645,0.07702849832446153
target_probability,finite-policy-no-RL,0.6475,0.0800023273729273
target_probability,finite-policy-no-RL,0.65,0.08306143700566371
target_probability,finite-policy-no-RL,0.6525,0.08616595506193345
target_probability,finite-policy-no-RL,0.655,0.08927280182948515
target_probability,finite-policy-no-RL,0.6575,0.09233628007014807
target_probability,finite-policy-no-RL,0.66,0.09530893993022632
target_probability,finite-policy-no-RL,0.6625,0.09814269794520955
target_probability,finite-policy-no-RL,0.665,0.10079016767120931
target_probability,finite-policy-no-RL,0.6675,0.10320614066531689
target_probability,finite-policy-no-RL,0.67,0.10534914204427985
target_probability,finite-policy-no-RL,0.6725,0.10718297572171052
target_probability,finite-policy-no-RL,0.675,0.10867817124239824
target_probability,finite-policy-no-RL,0.6775,0.10981324700918839
target_probability,finite-policy-no-RL,0.68,0.11057571330247767
target_probability,finite-policy-no-RL,0.6825,0.11096275211454552
target_probability,finite-policy-no-RL,0.685,0.11098152845399298
target_probability,finite-policy-no-RL,0.6875,0.11064910820732968
target_probability,finite-policy-no-RL,0.6900000000000001,0.10999197954805563
target_probability,finite-policy-no-RL,0.6925,0.10904519689939438
target_probability,finite-policy-no-RL,0.6950000000000001,0.10785118726692527
target_probability,finite-policy-no-RL,0.6975,0.10645827714587983
target_probability,finite-policy-no-RL,0.7000000000000001,0.10491901311294752
target_probability,finite-policy-no-RL,0.7025,0.10328835976993332
target_probability,finite-policy-no-RL,0.705,0.10162186428751309
target_probability,finite-policy-no-RL,0.7075,0.09997387703984112
target_probability,finite-policy-no-RL,0.71,0.09839591265613595
target_probability,finite-policy-no-RL,0.7125,0.09693522548591736
target_probability,finite-policy-no-RL,0.715,0.09563365854042273
target_probability,finite-policy-no-RL,0.7175,0.09452680630391194
target_probability,finite-policy-no-RL,0.72,0.09364351055858197
target_probability,finite-policy-no-RL,0.7225,0.0930056859247358
target_probability,finite-policy-no-RL,0.725,0.09262844973738928
target_probability,finite-policy-no-RL,0.7275,0.0925205107862773
target_probability,finite-policy-no-RL,0.73,0.09268475492048196
target_probability,finite-policy-no-RL,0.7325,0.09311895397457892
target_probability,finite-policy-no-RL,0.735,0.09381651902260094
target_probability,finite-policy-no-RL,0.7375,0.0947672202971829
target_probability,finite-policy-no-RL,0.74,0.09595780438514863
target_probability,finite-policy-no-RL,0.7425,0.09737245409532715
target_probability,finite-policy-no-RL,0.745,0.09899305664597366
target_probability,finite-policy-no-RL,0.7475,0.10079926992308019
target_probability,finite-policy-no-RL,0.75,0.10276840243338328
target_probability,finite-policy-no-RL,0.7525000000000001,0.10487514782560864
target_probability,finite-policy-no-RL,0.755,0.10709123699071041
target_probability,finite-policy-no-RL,0.7575000000000001,0.10938508742799984
target_probability,finite-policy-no-RL,0.76,0.11172153881705364
target_probability,finite-policy-no-RL,0.7625000000000001,0.11406176421388958
target_probability,finite-policy-no-RL,0.765,0.11636343742937871
target_probability,finite-policy-no-RL,0.7675000000000001,0.11858121927427895
target_probability,finite-policy-no-RL,0.77,0.12066759970123367
target_probability,finite-policy-no-RL,0.7725,0.12257410149986997
target_probability,finite-policy-no-RL,0.775,0.12425281682469043
target_probability,finite-policy-no-RL,0.7775,0.1256582135866583
target_probability,finite-policy-no-RL,0.78,0.12674911786246615
target_probability,finite-policy-no-RL,0.7825,0.12749075401080376
target_probability,finite-policy-no-RL,0.785,0.12785670866366097
target_probability,finite-policy-no-RL,0.7875,0.1278306799452794
target_probability,finite-policy-no-RL,0.79,0.1274078799699349
target_probability,finite-policy-no-RL,0.7925,0.12659597664402475
target_probability,finite-policy-no-RL,0.795,0.12541548877461384
target_probability,finite-policy-no-RL,0.7975,0.12389958427025351
target_probability,finite-policy-no-RL,0.8,0.12209327189539086
target_probability,finite-policy-no-RL,0.8025,0.12005201924237298
target_probability,finite-policy-no-RL,0.805,0.11783986981051203
target_probability,finite-policy-no-RL,0.8075,0.11552716700415518
target_probability,finite-policy-no-RL,0.81,0.11318801962956372
target_probability,finite-policy-no-RL,0.8125,0.11089765995172969
target_probability,finite-policy-no-RL,0.8150000000000001,0.10872985032867558
target_probability,finite-policy-no-RL,0.8175,0.10675448761684574
target_probability,finite-policy-no-RL,0.8200000000000001,0.1050355366643642
target_probability,finite-policy-no-RL,0.8225,0.10362939690463197
target_probability,finite-policy-no-RL,0.8250000000000001,0.10258377169581118
target_probability,finite-policy-no-RL,0.8275,0.1019370715115899
target_probability,finite-policy-no-RL,0.8300000000000001,0.10171834253860357
target_probability,finite-policy-no-RL,0.8325,0.10194767484923994
target_probability,finite-policy-no-RL,0.835,0.10263701202205772
target_probability,finite-policy-no-RL,0.8375,0.10379125932708763
target_probability,finite-policy-no-RL,0.84,0.10540957217017725
target_probability,finite-policy-no-RL,0.8425,0.10748670139857468
target_probability,finite-policy-no-RL,0.845,0.11001427745095224
target_probability,finite-policy-no-RL,0.8475,0.11298193047434113
target_probability,finite-policy-no-RL,0.85,0.1163781669241391
target_probability,finite-policy-no-RL,0.8525,0.12019095264763463
target_probability,finite-policy-no-RL,0.855,0.12440798538411067
target_probability,finite-policy-no-RL,0.8575,0.12901667309610446
target_probability,finite-policy-no-RL,0.86,0.1340038656643428
target_probability,finite-policy-no-RL,0.8625,0.1393554135560052
target_probability,finite-policy-no-RL,0.865,0.14505564590139433
target_probability,finite-policy-no-RL,0.8675,0.15108687043700605
target_probability,finite-policy-no-RL,0.87,0.15742899823919662
target_probability,finite-policy-no-RL,0.8725,0.16405938718953714
target_probability,finite-policy-no-RL,0.875,0.1709529806325131
target_probability,finite-policy-no-RL,0.8775000000000001,0.1780827934051295
target_probability,finite-policy-no-RL,0.88,0.1854207686004014
target_probability,finite-policy-no-RL,0.8825000000000001,0.19293899766648864
target_probability,finite-policy-no-RL,0.885,0.20061126638794016
target_probability,finite-policy-no-RL,0.8875000000000001,0.20841486236340687
target_probability,finite-policy-no-RL,0.89,0.21633255771631357
target_probability,finite-policy-no-RL,0.8925000000000001,0.22435466519664587
target_probability,finite-policy-no-RL,0.895,0.23248105700095248
target_probability,finite-policy-no-RL,0.8975,0.24072303320036118
target_probability,finite-policy-no-RL,0.9,0.24910492957877722
target_probability,finite-policy-no-RL,0.9025,0.25766536143020413
target_probability,finite-policy-no-RL,0.905,0.26645800876236947
target_probability,finite-policy-no-RL,0.9075,0.2755518579034487
target_probability,finite-policy-no-RL,0.91,0.28503082373902183
target_probability,finite-policy-no-RL,0.9125,0.2949926855618397
target_probability,finite-policy-no-RL,0.915,0.30554727862554615
target_probability,finite-policy-no-RL,0.9175,0.3168138947692122
target_probability,finite-policy-no-RL,0.92,0.32891786152968316
target_probability,finite-policy-no-RL,0.9225,0.34198629298914307
target_probability,finite-policy-no-RL,0.925,0.3561430400514811
target_probability,finite-policy-no-RL,0.9275,0.37150291488252957
target_probability,finite-policy-no-RL,0.93,0.38816532429919043
target_probability,finite-policy-no-RL,0.9325,0.40620751817352113
target_probability,finite-policy-no-RL,0.935,0.42567773704927714
target_probability,finite-policy-no-RL,0.9375,0.446588621077651
target_probability,finite-policy-no-RL,0.9400000000000001,0.46891131062761865
target_probability,finite-policy-no-RL,0.9425,0.49257071648835227
target_probability,finite-policy-no-RL,0.9450000000000001,0.517442453053048
target_probability,finite-policy-no-RL,0.9475,0.5433519010174587
target_probability,finite-policy-no-RL,0.9500000000000001,0.5700757895831692
target_probability,finite-policy-no-RL,0.9525,0.597346559097426
target_probability,finite-policy-no-RL,0.9550000000000001,0.624859586529959
target_probability,finite-policy-no-RL,0.9575,0.6522831378562505
target_probability,finite-policy-no-RL,0.96,0.6792706695673308
target_probability,finite-policy-no-RL,0.9625,0.7054748581026395
target_probability,finite-policy-no-RL,0.965,0.7305625167386476
target_probability,finite-policy-no-RL,0.9675,0.7542293912048441
target_probability,finite-policy-no-RL,0.97,0.7762137327726517
target_probability,finite-policy-no-RL,0.9725,0.7963075500132694
target_probability,finite-policy-no-RL,0.975,0.8143645485115906
target_probability,finite-policy-no-RL,0.9775,0.8303039813183477
target_probability,finite-policy-no-RL,0.98,0.8441099395274355
target_probability,finite-policy-no-RL,0.9825,0.8558259880262591
target_probability,finite-policy-no-RL,0.985,0.8655454622183902
target_probability,finite-policy-no-RL,0.9875,0.8733981467693055
target_probability,finite-policy-no-RL,0.99,0.8795344143557183
target_probability,finite-policy-no-RL,0.9925,0.8841081709436421
target_probability,finite-policy-no-RL,0.995,0.8872601019263889
target_probability,finite-policy-no-RL,0.9975,0.8891027201269301
target_probability,finite-policy-no-RL,1.0,0.8897085767169264
target_probability,RNA-IFlow-RL,0.0,9.652849802526056
target_probability,RNA-IFlow-RL,0.0025,9.61268441886326
target_probability,RNA-IFlow-RL,0.005,9.493360284620335
target_probability,RNA-IFlow-RL,0.0075,9.298335143955994
target_probability,RNA-IFlow-RL,0.01,9.033181581346073
target_probability,RNA-IFlow-RL,0.0125,8.705315293388114
target_probability,RNA-IFlow-RL,0.015,8.32364094517325
target_probability,RNA-IFlow-RL,0.0175,7.8981391377342085
target_probability,RNA-IFlow-RL,0.02,7.439421131779715
target_probability,RNA-IFlow-RL,0.0225,6.958278913822473
target_probability,RNA-IFlow-RL,0.025,6.465256972760504
target_probability,RNA-IFlow-RL,0.0275,5.970268999643434
target_probability,RNA-IFlow-RL,0.03,5.482278021365349
target_probability,RNA-IFlow-RL,0.0325,5.009052739266753
target_probability,RNA-IFlow-RL,0.035,4.557006632886534
target_probability,RNA-IFlow-RL,0.0375,4.131120269886682
target_probability,RNA-IFlow-RL,0.04,3.7349417372477025
target_probability,RNA-IFlow-RL,0.0425,3.3706555726548295
target_probability,RNA-IFlow-RL,0.045,3.0392072910734247
target_probability,RNA-IFlow-RL,0.0475,2.740468687400663
target_probability,RNA-IFlow-RL,0.05,2.4734285302696772
target_probability,RNA-IFlow-RL,0.0525,2.2363939040668996
target_probability,RNA-IFlow-RL,0.055,2.027189076618503
target_probability,RNA-IFlow-RL,0.0575,1.8433410858927224
target_probability,RNA-IFlow-RL,0.06,1.6822439498176667
target_probability,RNA-IFlow-RL,0.0625,1.54129622272028
target_probability,RNA-IFlow-RL,0.065,1.4180093035992332
target_probability,RNA-IFlow-RL,0.0675,1.3100862559221758
target_probability,RNA-IFlow-RL,0.07,1.2154728012266238
target_probability,RNA-IFlow-RL,0.0725,1.1323835395331296
target_probability,RNA-IFlow-RL,0.075,1.0593073262838675
target_probability,RNA-IFlow-RL,0.0775,0.9949961422856209
target_probability,RNA-IFlow-RL,0.08,0.9384418062623786
target_probability,RNA-IFlow-RL,0.0825,0.8888445931400825
target_probability,RNA-IFlow-RL,0.085,0.845577333611517
target_probability,RNA-IFlow-RL,0.08750000000000001,0.8081479740458654
target_probability,RNA-IFlow-RL,0.09,0.7761629485276629
target_probability,RNA-IFlow-RL,0.0925,0.7492931162900743
target_probability,RNA-IFlow-RL,0.095,0.7272434875774322
target_probability,RNA-IFlow-RL,0.0975,0.709727519560636
target_probability,RNA-IFlow-RL,0.1,0.6964464157098983
target_probability,RNA-IFlow-RL,0.10250000000000001,0.6870735991671694
target_probability,RNA-IFlow-RL,0.105,0.681244337487085
target_probability,RNA-IFlow-RL,0.1075,0.6785503533721546
target_probability,RNA-IFlow-RL,0.11,0.6785391445561886
target_probability,RNA-IFlow-RL,0.1125,0.6807176395927484
target_probability,RNA-IFlow-RL,0.115,0.6845597236489039
target_probability,RNA-IFlow-RL,0.11750000000000001,0.6895170739371174
target_probability,RNA-IFlow-RL,0.12,0.6950326483780047
target_probability,RNA-IFlow-RL,0.1225,0.7005560787352388
target_probability,RNA-IFlow-RL,0.125,0.70556013972464
target_probability,RNA-IFlow-RL,0.1275,0.7095574093143329
target_probability,RNA-IFlow-RL,0.13,0.7121162134572825
target_probability,RNA-IFlow-RL,0.1325,0.7128749698588425
target_probability,RNA-IFlow-RL,0.135,0.7115541157079714
target_probability,RNA-IFlow-RL,0.1375,0.7079649246958682
target_probability,RNA-IFlow-RL,0.14,0.7020146851422004
target_probability,RNA-IFlow-RL,0.14250000000000002,0.6937079146989831
target_probability,RNA-IFlow-RL,0.145,0.6831435147008061
target_probability,RNA-IFlow-RL,0.1475,0.6705080025858604
target_probability,RNA-IFlow-RL,0.15,0.6560651864076913
target_probability,RNA-IFlow-RL,0.1525,0.6401428442964203
target_probability,RNA-IFlow-RL,0.155,0.6231171291339938
target_probability,RNA-IFlow-RL,0.1575,0.6053955238491973
target_probability,RNA-IFlow-RL,0.16,0.58739921968774
target_probability,RNA-IFlow-RL,0.1625,0.5695457780172458
target_probability,RNA-IFlow-RL,0.165,0.5522328703402929
target_probability,RNA-IFlow-RL,0.1675,0.5358237803122483
target_probability,RNA-IFlow-RL,0.17,0.5206352080124597
target_probability,RNA-IFlow-RL,0.17250000000000001,0.5069277545083751
target_probability,RNA-IFlow-RL,0.17500000000000002,0.494899297981627
target_probability,RNA-IFlow-RL,0.1775,0.48468131406332443
target_probability,RNA-IFlow-RL,0.18,0.4763380527018539
target_probability,RNA-IFlow-RL,0.1825,0.46986836870427495
target_probability,RNA-IFlow-RL,0.185,0.4652099163287688
target_probability,RNA-IFlow-RL,0.1875,0.4622453598756246
target_probability,RNA-IFlow-RL,0.19,0.46081021927543087
target_probability,RNA-IFlow-RL,0.1925,0.46070195744744685
target_probability,RNA-IFlow-RL,0.195,0.4616899190198301
target_probability,RNA-IFlow-RL,0.1975,0.4635257422309933
target_probability,RNA-IFlow-RL,0.2,0.46595388269432547
target_probability,RNA-IFlow-RL,0.2025,0.46872190587919266
target_probability,RNA-IFlow-RL,0.20500000000000002,0.47159022305863185
target_probability,RNA-IFlow-RL,0.20750000000000002,0.47434096327614145
target_probability,RNA-IFlow-RL,0.21,0.4767856932788222
target_probability,RNA-IFlow-RL,0.2125,0.47877172110070326
target_probability,RNA-IFlow-RL,0.215,0.4801867502870636
target_probability,RNA-IFlow-RL,0.2175,0.4809616937034413
target_probability,RNA-IFlow-RL,0.22,0.4810715107831163
target_probability,RNA-IFlow-RL,0.2225,0.4805340009577648
target_probability,RNA-IFlow-RL,0.225,0.479406568240349
target_probability,RNA-IFlow-RL,0.2275,0.4777810649648211
target_probability,RNA-IFlow-RL,0.23,0.4757769221364151
target_probability,RNA-IFlow-RL,0.2325,0.4735328736493707
target_probability,RNA-IFlow-RL,0.23500000000000001,0.47119767448334965
target_probability,RNA-IFlow-RL,0.23750000000000002,0.46892029095246773
target_probability,RNA-IFlow-RL,0.24,0.4668400963105435
target_probability,RNA-IFlow-RL,0.2425,0.4650776305946488
target_probability,RNA-IFlow-RL,0.245,0.4637264743430997
target_probability,RNA-IFlow-RL,0.2475,0.46284673905851587
target_probability,RNA-IFlow-RL,0.25,0.46246059333617756
target_probability,RNA-IFlow-RL,0.2525,0.4625501260931097
target_probability,RNA-IFlow-RL,0.255,0.46305770423730774
target_probability,RNA-IFlow-RL,0.2575,0.46388882120298636
target_probability,RNA-IFlow-RL,0.26,0.46491726696164215
target_probability,RNA-IFlow-RL,0.2625,0.46599229239835804
target_probability,RNA-IFlow-RL,0.265,0.46694730417487645
target_probability,RNA-IFlow-RL,0.2675,0.46760952182327276
target_probability,RNA-IFlow-RL,0.27,0.4678099656666384
target_probability,RNA-IFlow-RL,0.2725,0.46739312755528895
target_probability,RNA-IFlow-RL,0.275,0.4662257075501288
target_probability,RNA-IFlow-RL,0.2775,0.4642038755682157
target_probability,RNA-IFlow-RL,0.28,0.46125863073238066
target_probability,RNA-IFlow-RL,0.28250000000000003,0.4573589727076968
target_probability,RNA-IFlow-RL,0.28500000000000003,0.45251275657339507
target_probability,RNA-IFlow-RL,0.28750000000000003,0.4467652628715717
target_probability,RNA-IFlow-RL,0.29,0.4401956649581624
target_probability,RNA-IFlow-RL,0.2925,0.43291170581985133
target_probability,RNA-IFlow-RL,0.295,0.42504299774780424
target_probability,RNA-IFlow-RL,0.2975,0.41673342531266727
target_probability,RNA-IFlow-RL,0.3,0.4081331627640736
target_probability,RNA-IFlow-RL,0.3025,0.3993908120573864
target_probability,RNA-IFlow-RL,0.305,0.39064613048550456
target_probability,RNA-IFlow-RL,0.3075,0.382023752549654
target_probability,RNA-IFlow-RL,0.31,0.37362822562462966
target_probability,RNA-IFlow-RL,0.3125,0.36554058008909285
target_probability,RNA-IFlow-RL,0.315,0.3578165488257331
target_probability,RNA-IFlow-RL,0.3175,0.35048644487246705
target_probability,RNA-IFlow-RL,0.32,0.343556605394248
target_probability,RNA-IFlow-RL,0.3225,0.3370122201325575
target_probability,RNA-IFlow-RL,0.325,0.33082128732613025
target_probability,RNA-IFlow-RL,0.3275,0.32493938316619275
target_probability,RNA-IFlow-RL,0.33,0.31931489462785373
target_probability,RNA-IFlow-RL,0.3325,0.31389435149448963
target_probability,RNA-IFlow-RL,0.335,0.3086275019548541
target_probability,RNA-IFlow-RL,0.3375,0.3034718064808375
target_probability,RNA-IFlow-RL,0.34,0.2983960746717968
target_probability,RNA-IFlow-RL,0.3425,0.2933830359726938
target_probability,RNA-IFlow-RL,0.34500000000000003,0.28843071306334356
target_probability,RNA-IFlow-RL,0.34750000000000003,0.28355255079589076
target_probability,RNA-IFlow-RL,0.35000000000000003,0.2787763378424489
target_probability,RNA-IFlow-RL,0.3525,0.27414203671474396
target_probability,RNA-IFlow-RL,0.355,0.2696987050828624
target_probability,RNA-IFlow-RL,0.3575,0.26550074295958104
target_probability,RNA-IFlow-RL,0.36,0.2616037334145474
target_probability,RNA-IFlow-RL,0.3625,0.2580601578509566
target_probability,RNA-IFlow-RL,0.365,0.254915261103303
target_probability,RNA-IFlow-RL,0.3675,0.25220331889194403
target_probability,RNA-IFlow-RL,0.37,0.24994452393907365
target_probability,RNA-IFlow-RL,0.3725,0.24814266150109957
target_probability,RNA-IFlow-RL,0.375,0.24678369458346378
target_probability,RNA-IFlow-RL,0.3775,0.2458353277061154
target_probability,RNA-IFlow-RL,0.38,0.24524756902646266
target_probability,RNA-IFlow-RL,0.3825,0.2449542660881796
target_probability,RNA-IFlow-RL,0.385,0.24487555149877158
target_probability,RNA-IFlow-RL,0.3875,0.2449211014785531
target_probability,RNA-IFlow-RL,0.39,0.24499408176586826
target_probability,RNA-IFlow-RL,0.3925,0.2449956307586886
target_probability,RNA-IFlow-RL,0.395,0.2448297080456397
target_probability,RNA-IFlow-RL,0.3975,0.2444081171035342
target_probability,RNA-IFlow-RL,0.4,0.24365549409932427
target_probability,RNA-IFlow-RL,0.4025,0.24251404143528799
target_probability,RNA-IFlow-RL,0.405,0.24094777666710435
target_probability,RNA-IFlow-RL,0.40750000000000003,0.23894606696635098
target_probability,RNA-IFlow-RL,0.41000000000000003,0.2365262288026733
target_probability,RNA-IFlow-RL,0.41250000000000003,0.23373499411769158
target_probability,RNA-IFlow-RL,0.41500000000000004,0.23064867937513342
target_probability,RNA-IFlow-RL,0.4175,0.2273719428509801
target_probability,RNA-IFlow-RL,0.42,0.22403507741264975
target_probability,RNA-IFlow-RL,0.4225,0.22078985847053423
target_probability,RNA-IFlow-RL,0.425,0.2178040461013187
target_probability,RNA-IFlow-RL,0.4275,0.21525472180623337
target_probability,RNA-IFlow-RL,0.43,0.21332071854697934
target_probability,RNA-IFlow-RL,0.4325,0.2121744719182611
target_probability,RNA-IFlow-RL,0.435,0.21197367512073287
target_probability,RNA-IFlow-RL,0.4375,0.2128531560330575
target_probability,RNA-IFlow-RL,0.44,0.2149174074726899
target_probability,RNA-IFlow-RL,0.4425,0.21823418939633524
target_probability,RNA-IFlow-RL,0.445,0.22282958362249838
target_probability,RNA-IFlow-RL,0.4475,0.2286848186326313
target_probability,RNA-IFlow-RL,0.45,0.23573509675378657
target_probability,RNA-IFlow-RL,0.4525,0.24387055272404942
target_probability,RNA-IFlow-RL,0.455,0.2529393568341163
target_probability,RNA-IFlow-RL,0.4575,0.2627528541683163
target_probability,RNA-IFlow-RL,0.46,0.2730925113549401
target_probability,RNA-IFlow-RL,0.4625,0.2837183314784576
target_probability,RNA-IFlow-RL,0.465,0.2943783041272421
target_probability,RNA-IFlow-RL,0.4675,0.3048183880799907
target_probability,RNA-IFlow-RL,0.47000000000000003,0.31479248485790995
target_probability,RNA-IFlow-RL,0.47250000000000003,0.3240718565714786
target_probability,RNA-IFlow-RL,0.47500000000000003,0.332453473236649
target_probability,RNA-IFlow-RL,0.47750000000000004,0.339766842464219
target_probability,RNA-IFlow-RL,0.48,0.3458789747082762
target_probability,RNA-IFlow-RL,0.4825,0.35069726379181365
target_probability,RNA-IFlow-RL,0.485,0.35417020630802637
target_probability,RNA-IFlow-RL,0.4875,0.3562860337996379
target_probability,RNA-IFlow-RL,0.49,0.35706947625498414
target_probability,RNA-IFlow-RL,0.4925,0.35657700224886046
target_probability,RNA-IFlow-RL,0.495,0.35489097892605403
target_probability,RNA-IFlow-RL,0.4975,0.35211325519352793
target_probability,RNA-IFlow-RL,0.5,0.3483586884812165
target_probability,RNA-IFlow-RL,0.5025000000000001,0.34374910780593465
target_probability,RNA-IFlow-RL,0.505,0.33840813650706925
target_probability,RNA-IFlow-RL,0.5075000000000001,0.3324571939324695
target_probability,RNA-IFlow-RL,0.51,0.3260128670140281
target_probability,RNA-IFlow-RL,0.5125,0.3191857029171372
target_probability,RNA-IFlow-RL,0.515,0.31208033656231304
target_probability,RNA-IFlow-RL,0.5175,0.30479674500983067
target_probability,RNA-IFlow-RL,0.52,0.29743232564091276
target_probability,RNA-IFlow-RL,0.5225,0.2900844346955752
target_probability,RNA-IFlow-RL,0.525,0.28285300094975396
target_probability,RNA-IFlow-RL,0.5275,0.27584284575530005
target_probability,RNA-IFlow-RL,0.53,0.26916539093111
target_probability,RNA-IFlow-RL,0.5325,0.26293951243193153
target_probability,RNA-IFlow-RL,0.535,0.2572913905572283
target_probability,RNA-IFlow-RL,0.5375,0.2523533061222733
target_probability,RNA-IFlow-RL,0.54,0.24826142645889246
target_probability,RNA-IFlow-RL,0.5425,0.24515270699327327
target_probability,RNA-IFlow-RL,0.545,0.24316109762013993
target_probability,RNA-IFlow-RL,0.5475,0.24241328521639585
target_probability,RNA-IFlow-RL,0.55,0.24302422431951903
target_probability,RNA-IFlow-RL,0.5525,0.245092709527938
target_probability,RNA-IFlow-RL,0.555,0.2486972294761046
target_probability,RNA-IFlow-RL,0.5575,0.25389231791556405
target_probability,RNA-IFlow-RL,0.56,0.2607055869114315
target_probability,RNA-IFlow-RL,0.5625,0.2691355939058983
target_probability,RNA-IFlow-RL,0.5650000000000001,0.2791506604490273
target_probability,RNA-IFlow-RL,0.5675,0.2906887262463768
target_probability,RNA-IFlow-RL,0.5700000000000001,0.3036582869937042
target_probability,RNA-IFlow-RL,0.5725,0.3179404266280595
target_probability,RNA-IFlow-RL,0.5750000000000001,0.3333919123952335
target_probability,RNA-IFlow-RL,0.5775,0.34984927345686323
target_probability,RNA-IFlow-RL,0.58,0.3671337309115863
target_probability,RNA-IFlow-RL,0.5825,0.3850567911273504
target_probability,RNA-IFlow-RL,0.585,0.40342625909631574
target_probability,RNA-IFlow-RL,0.5875,0.42205237965837683
target_probability,RNA-IFlow-RL,0.59,0.440753778407101
target_probability,RNA-IFlow-RL,0.5925,0.4593628574853077
target_probability,RNA-IFlow-RL,0.595,0.47773030991159393
target_probability,RNA-IFlow-RL,0.5975,0.4957284531446728
target_probability,RNA-IFlow-RL,0.6,0.513253148987528
target_probability,RNA-IFlow-RL,0.6025,0.530224169928532
target_probability,RNA-IFlow-RL,0.605,0.546583985361494
target_probability,RNA-IFlow-RL,0.6075,0.5622950654520128
target_probability,RNA-IFlow-RL,0.61,0.577335924108829
target_probability,RNA-IFlow-RL,0.6125,0.5916962329714895
target_probability,RNA-IFlow-RL,0.615,0.6053714234274767
target_probability,RNA-IFlow-RL,0.6175,0.6183572433236536
target_probability,RNA-IFlow-RL,0.62,0.6306447425006796
target_probability,RNA-IFlow-RL,0.6225,0.6422161241694984
target_probability,RNA-IFlow-RL,0.625,0.6530418199162805
target_probability,RNA-IFlow-RL,0.6275000000000001,0.6630790319496138
target_probability,RNA-IFlow-RL,0.63,0.6722718483132682
target_probability,RNA-IFlow-RL,0.6325000000000001,0.6805528892316653
target_probability,RNA-IFlow-RL,0.635,0.6878463008355529
target_probability,RNA-IFlow-RL,0.6375000000000001,0.694071791030003
target_probability,RNA-IFlow-RL,0.64,0.6991493137954696
target_probability,RNA-IFlow-RL,0.6425,0.7030039616605666
target_probability,RNA-IFlow-RL,0.645,0.7055706256611509
target_probability,RNA-IFlow-RL,0.6475,0.7067980268546826
target_probability,RNA-IFlow-RL,0.65,0.7066518074338285
target_probability,RNA-IFlow-RL,0.6525,0.7051164824523423
target_probability,RNA-IFlow-RL,0.655,0.7021961818768029
target_probability,RNA-IFlow-RL,0.6575,0.6979142423838625
target_probability,RNA-IFlow-RL,0.66,0.6923118245639417
target_probability,RNA-IFlow-RL,0.6625,0.6854458214137932
target_probability,RNA-IFlow-RL,0.665,0.6773863789655696
target_probability,RNA-IFlow-RL,0.6675,0.6682143646775379
target_probability,RNA-IFlow-RL,0.67,0.6580190936349352
target_probability,RNA-IFlow-RL,0.6725,0.6468965611683709
target_probability,RNA-IFlow-RL,0.675,0.6349483416835757
target_probability,RNA-IFlow-RL,0.6775,0.6222812086974236
target_probability,RNA-IFlow-RL,0.68,0.6090074231544926
target_probability,RNA-IFlow-RL,0.6825,0.5952455388442394
target_probability,RNA-IFlow-RL,0.685,0.5811214963685284
target_probability,RNA-IFlow-RL,0.6875,0.5667697290099234
target_probability,RNA-IFlow-RL,0.6900000000000001,0.5523339897006426
target_probability,RNA-IFlow-RL,0.6925,0.5379676286567564
target_probability,RNA-IFlow-RL,0.6950000000000001,0.5238331026824888
target_probability,RNA-IFlow-RL,0.6975,0.5101005728042217
target_probability,RNA-IFlow-RL,0.7000000000000001,0.49694553745038555
target_probability,RNA-IFlow-RL,0.7025,0.48454554331088046
target_probability,RNA-IFlow-RL,0.705,0.4730761048296942
target_probability,RNA-IFlow-RL,0.7075,0.4627060368662756
target_probability,RNA-IFlow-RL,0.71,0.45359245658854735
target_probability,RNA-IFlow-RL,0.7125,0.44587573630752586
target_probability,RNA-IFlow-RL,0.715,0.4396746881544529
target_probability,RNA-IFlow-RL,0.7175,0.43508223675132407
target_probability,RNA-IFlow-RL,0.72,0.4321617924066976
target_probability,RNA-IFlow-RL,0.7225,0.43094448168527866
target_probability,RNA-IFlow-RL,0.725,0.4314273319954236
target_probability,RNA-IFlow-RL,0.7275,0.43357244936463135
target_probability,RNA-IFlow-RL,0.73,0.4373071798539906
target_probability,RNA-IFlow-RL,0.7325,0.4425252091727271
target_probability,RNA-IFlow-RL,0.735,0.4490885336891157
target_probability,RNA-IFlow-RL,0.7375,0.4568302284232097
target_probability,RNA-IFlow-RL,0.74,0.4655579407667616
target_probability,RNA-IFlow-RL,0.7425,0.4750580479657345
target_probability,RNA-IFlow-RL,0.745,0.48510042630075373
target_probability,RNA-IFlow-RL,0.7475,0.49544378490643637
target_probability,RNA-IFlow-RL,0.75,0.5058415126853382
target_probability,RNA-IFlow-RL,0.7525000000000001,0.5160479698775269
target_probability,RNA-IFlow-RL,0.755,0.5258251258425212
target_probability,RNA-IFlow-RL,0.7575000000000001,0.534949403253052
target_probability,RNA-IFlow-RL,0.76,0.5432185402981893
target_probability,RNA-IFlow-RL,0.7625000000000001,0.550458232669008
target_probability,RNA-IFlow-RL,0.765,0.5565282732675628
target_probability,RNA-IFlow-RL,0.7675000000000001,0.5613278772326566
target_probability,RNA-IFlow-RL,0.77,0.5647998697950017
target_probability,RNA-IFlow-RL,0.7725,0.5669334297908549
target_probability,RNA-IFlow-RL,0.775,0.5677651250914585
target_probability,RNA-IFlow-RL,0.7775,0.5673780475500463
target_probability,RNA-IFlow-RL,0.78,0.5658989510655171
target_probability,RNA-IFlow-RL,0.7825,0.5634934108807214
target_probability,RNA-IFlow-RL,0.785,0.5603591468067418
target_probability,RNA-IFlow-RL,0.7875,0.5567177776920653
target_probability,RNA-IFlow-RL,0.79,0.5528053885803663
target_probability,RNA-IFlow-RL,0.7925,0.5488623855512234
target_probability,RNA-IFlow-RL,0.795,0.5451231776200135
target_probability,RNA-IFlow-RL,0.7975,0.5418062540083579
target_probability,RNA-IFlow-RL,0.8,0.5391052152273627
target_probability,RNA-IFlow-RL,0.8025,0.537181267622277
target_probability,RNA-IFlow-RL,0.805,0.5361576064323628
target_probability,RNA-IFlow-RL,0.8075,0.5361159980964177
target_probability,RNA-IFlow-RL,0.81,0.5370957369466349
target_probability,RNA-IFlow-RL,0.8125,0.5390950046752427
target_probability,RNA-IFlow-RL,0.8150000000000001,0.5420745138636307
target_probability,RNA-IFlow-RL,0.8175,0.5459631800737262
target_probability,RNA-IFlow-RL,0.8200000000000001,0.5506654500757224
target_probability,RNA-IFlow-RL,0.8225,0.556069824437539
target_probability,RNA-IFlow-RL,0.8250000000000001,0.5620580562227102
target_probability,RNA-IFlow-RL,0.8275,0.5685144864752921
target_probability,RNA-IFlow-RL,0.8300000000000001,0.5753349912319492
target_probability,RNA-IFlow-RL,0.8325,0.5824350610802431
target_probability,RNA-IFlow-RL,0.835,0.5897566076534851
target_probability,RNA-IFlow-RL,0.8375,0.5972731851700818
target_probability,RNA-IFlow-RL,0.84,0.604993421514282
target_probability,RNA-IFlow-RL,0.8425,0.6129625645255581
target_probability,RNA-IFlow-RL,0.845,0.6212621576685781
target_probability,RNA-IFlow-RL,0.8475,0.6300079586307318
target_probability,RNA-IFlow-RL,0.85,0.6393462995360796
target_probability,RNA-IFlow-RL,0.8525,0.6494491548302714
target_probability,RNA-IFlow-RL,0.855,0.6605082305242835
target_probability,RNA-IFlow-RL,0.8575,0.6727284158988892
target_probability,RNA-IFlow-RL,0.86,0.6863209467257397
target_probability,RNA-IFlow-RL,0.8625,0.7014966192768959
target_probability,RNA-IFlow-RL,0.865,0.7184593692546871
target_probability,RNA-IFlow-RL,0.8675,0.737400492031266
target_probability,RNA-IFlow-RL,0.87,0.7584937331127598
target_probability,RNA-IFlow-RL,0.8725,0.7818914233189244
target_probability,RNA-IFlow-RL,0.875,0.8077217743371117
target_probability,RNA-IFlow-RL,0.8775000000000001,0.8360873892753863
target_probability,RNA-IFlow-RL,0.88,0.8670649814400008
target_probability,RNA-IFlow-RL,0.8825000000000001,0.9007062342958388
target_probability,RNA-IFlow-RL,0.885,0.9370396776942752
target_probability,RNA-IFlow-RL,0.8875000000000001,0.9760734011552968
target_probability,RNA-IFlow-RL,0.89,1.0177983755863371
target_probability,RNA-IFlow-RL,0.8925000000000001,1.062192111982678
target_probability,RNA-IFlow-RL,0.895,1.109222351599557
target_probability,RNA-IFlow-RL,0.8975,1.158850459666711
target_probability,RNA-IFlow-RL,0.9,1.2110341873564188
target_probability,RNA-IFlow-RL,0.9025,1.2657294781525448
target_probability,RNA-IFlow-RL,0.905,1.3228910285729534
target_probability,RNA-IFlow-RL,0.9075,1.3824713721212483
target_probability,RNA-IFlow-RL,0.91,1.4444183405491584
target_probability,RNA-IFlow-RL,0.9125,1.5086708668207733
target_probability,RNA-IFlow-RL,0.915,1.5751532254775014
target_probability,RNA-IFlow-RL,0.9175,1.6437679510892378
target_probability,RNA-IFlow-RL,0.92,1.7143878237649002
target_probability,RNA-IFlow-RL,0.9225,1.7868474494901971
target_probability,RNA-IFlow-RL,0.925,1.8609350782776517
target_probability,RNA-IFlow-RL,0.9275,1.9363853808720721
target_probability,RNA-IFlow-RL,0.93,2.012873933064941
target_probability,RNA-IFlow-RL,0.9325,2.0900141270732107
target_probability,RNA-IFlow-RL,0.935,2.167357138343521
target_probability,RNA-IFlow-RL,0.9375,2.244395425652057
target_probability,RNA-IFlow-RL,0.9400000000000001,2.3205700404245153
target_probability,RNA-IFlow-RL,0.9425,2.3952817810107905
target_probability,RNA-IFlow-RL,0.9450000000000001,2.467905966479685
target_probability,RNA-IFlow-RL,0.9475,2.5378103419656446
target_probability,RNA-IFlow-RL,0.9500000000000001,2.6043753837358516
target_probability,RNA-IFlow-RL,0.9525,2.667016065500961
target_probability,RNA-IFlow-RL,0.9550000000000001,2.7252039935215144
target_probability,RNA-IFlow-RL,0.9575,2.778488727984064
target_probability,RNA-IFlow-RL,0.96,2.826517088345465
target_probability,RNA-IFlow-RL,0.9625,2.8690492924366944
target_probability,RNA-IFlow-RL,0.965,2.9059709002127607
target_probability,RNA-IFlow-RL,0.9675,2.9372997165146835
target_probability,RNA-IFlow-RL,0.97,2.963187043477693
target_probability,RNA-IFlow-RL,0.9725,2.9839129504152386
target_probability,RNA-IFlow-RL,0.975,2.99987553356347
target_probability,RNA-IFlow-RL,0.9775,3.011574455111842
target_probability,RNA-IFlow-RL,0.98,3.0195893645954466
target_probability,RNA-IFlow-RL,0.9825,3.0245540994309734
target_probability,RNA-IFlow-RL,0.985,3.027127818389571
target_probability,RNA-IFlow-RL,0.9875,3.027964425896986
target_probability,RNA-IFlow-RL,0.99,3.0276817815606116
target_probability,RNA-IFlow-RL,0.9925,3.0268322463605846
target_probability,RNA-IFlow-RL,0.995,3.0258760867462606
target_probability,RNA-IFlow-RL,0.9975,3.025159138024878
target_probability,RNA-IFlow-RL,1.0,3.024895922692325
corrected_NED,finite-policy-no-RL,0.0,3.0177048720389785
corrected_NED,finite-policy-no-RL,0.0025,3.0099157228293794
corrected_NED,finite-policy-no-RL,0.005,2.986774245097817
corrected_NED,finite-policy-no-RL,0.0075,2.9489470768859842
corrected_NED,finite-policy-no-RL,0.01,2.8975084845009227
corrected_NED,finite-policy-no-RL,0.0125,2.8338878123831113
corrected_NED,finite-policy-no-RL,0.015,2.7598009689304313
corrected_NED,finite-policy-no-RL,0.0175,2.677170480854434
corrected_NED,finite-policy-no-RL,0.02,2.588039256937546
corrected_NED,finite-policy-no-RL,0.0225,2.4944833940493014
corrected_NED,finite-policy-no-RL,0.025,2.398529136252766
corrected_NED,finite-policy-no-RL,0.0275,2.3020785025073636
corrected_NED,finite-policy-no-RL,0.03,2.206847202776659
corrected_NED,finite-policy-no-RL,0.0325,2.1143173620174482
corrected_NED,finite-policy-no-RL,0.035,2.0257063738662406
corrected_NED,finite-policy-no-RL,0.0375,1.9419520180962713
corrected_NED,finite-policy-no-RL,0.04,1.8637128946540997
corrected_NED,finite-policy-no-RL,0.0425,1.7913823297074498
corrected_NED,finite-policy-no-RL,0.045,1.7251132483439804
corrected_NED,finite-policy-no-RL,0.0475,1.6648511100223335
corrected_NED,finite-policy-no-RL,0.05,1.6103718660239505
corrected_NED,finite-policy-no-RL,0.0525,1.5613219996079355
corrected_NED,finite-policy-no-RL,0.055,1.5172580084576348
corrected_NED,finite-policy-no-RL,0.0575,1.4776831333003402
corrected_NED,finite-policy-no-RL,0.06,1.4420796696167817
corrected_NED,finite-policy-no-RL,0.0625,1.4099357657817293
corrected_NED,finite-policy-no-RL,0.065,1.380766161584022
corrected_NED,finite-policy-no-RL,0.0675,1.3541268162050992
corrected_NED,finite-policy-no-RL,0.07,1.3296237861532174
corrected_NED,finite-policy-no-RL,0.0725,1.3069170249821522
corrected_NED,finite-policy-no-RL,0.075,1.2857199825997276
corrected_NED,finite-policy-no-RL,0.0775,1.2657959867904023
corrected_NED,finite-policy-no-RL,0.08,1.2469524047212455
corrected_NED,finite-policy-no-RL,0.0825,1.2290335240435346
corrected_NED,finite-policy-no-RL,0.085,1.2119129806542357
corrected_NED,finite-policy-no-RL,0.08750000000000001,1.1954864126006604
corrected_NED,finite-policy-no-RL,0.09,1.1796648550962994
corrected_NED,finite-policy-no-RL,0.0925,1.164369225756923
corrected_NED,finite-policy-no-RL,0.095,1.1495260942696242
corrected_NED,finite-policy-no-RL,0.0975,1.1350647954646553
corrected_NED,finite-policy-no-RL,0.1,1.1209158343066574
corrected_NED,finite-policy-no-RL,0.10250000000000001,1.1070104476124716
corrected_NED,finite-policy-no-RL,0.105,1.0932811297073965
corrected_NED,finite-policy-no-RL,0.1075,1.079662895262859
corrected_NED,finite-policy-no-RL,0.11,1.0660950386294408
corrected_NED,finite-policy-no-RL,0.1125,1.0525231511084485
corrected_NED,finite-policy-no-RL,0.115,1.0389011719904704
corrected_NED,finite-policy-no-RL,0.11750000000000001,1.0251932726006228
corrected_NED,finite-policy-no-RL,0.12,1.0113754025558321
corrected_NED,finite-policy-no-RL,0.1225,0.9974363622305168
corrected_NED,finite-policy-no-RL,0.125,0.9833783038741195
corrected_NED,finite-policy-no-RL,0.1275,0.969216605025955
corrected_NED,finite-policy-no-RL,0.13,0.9549791008705961
corrected_NED,finite-policy-no-RL,0.1325,0.9407047056698391
corrected_NED,finite-policy-no-RL,0.135,0.926441495579263
corrected_NED,finite-policy-no-RL,0.1375,0.9122443636591209
corrected_NED,finite-policy-no-RL,0.14,0.8981723899900023
corrected_NED,finite-policy-no-RL,0.14250000000000002,0.8842860926955055
corrected_NED,finite-policy-no-RL,0.145,0.8706447368782262
corrected_NED,finite-policy-no-RL,0.1475,0.85730387627756
corrected_NED,finite-policy-no-RL,0.15,0.8443132862905647
corrected_NED,finite-policy-no-RL,0.1525,0.831715417689608
corrected_NED,finite-policy-no-RL,0.155,0.8195444602084196
corrected_NED,finite-policy-no-RL,0.1575,0.807826057735038
corrected_NED,finite-policy-no-RL,0.16,0.7965776666602556
corrected_NED,finite-policy-no-RL,0.1625,0.7858095008983715
corrected_NED,finite-policy-no-RL,0.165,0.7755259659220264
corrected_NED,finite-policy-no-RL,0.1675,0.7657274537069972
corrected_NED,finite-policy-no-RL,0.17,0.7564123533037662
corrected_NED,finite-policy-no-RL,0.17250000000000001,0.7475791287180948
corrected_NED,finite-policy-no-RL,0.17500000000000002,0.7392283260207158
corrected_NED,finite-policy-no-RL,0.1775,0.7313643926573276
corrected_NED,finite-policy-no-RL,0.18,0.7239972201385736
corrected_NED,finite-policy-no-RL,0.1825,0.7171433523629238
corrected_NED,finite-policy-no-RL,0.185,0.7108268314765661
corrected_NED,finite-policy-no-RL,0.1875,0.7050796777507193
corrected_NED,finite-policy-no-RL,0.19,0.6999420169574988
corrected_NED,finite-policy-no-RL,0.1925,0.6954618771336586
corrected_NED,finite-policy-no-RL,0.195,0.6916946770006657
corrected_NED,finite-policy-no-RL,0.1975,0.688702422654185
corrected_NED,finite-policy-no-RL,0.2,0.6865526205012678
corrected_NED,finite-policy-no-RL,0.2025,0.685316906391837
corrected_NED,finite-policy-no-RL,0.20500000000000002,0.6850693869577165
corrected_NED,finite-policy-no-RL,0.20750000000000002,0.6858846921422946
corrected_NED,finite-policy-no-RL,0.21,0.6878357493896213
corrected_NED,finite-policy-no-RL,0.2125,0.6909913100583794
corrected_NED,finite-policy-no-RL,0.215,0.6954132858111299
corrected_NED,finite-policy-no-RL,0.2175,0.7011539840042885
corrected_NED,finite-policy-no-RL,0.22,0.7082533623620775
corrected_NED,finite-policy-no-RL,0.2225,0.7167364497836878
corrected_NED,finite-policy-no-RL,0.225,0.7266110974089742
corrected_NED,finite-policy-no-RL,0.2275,0.737866228189929
corrected_NED,finite-policy-no-RL,0.23,0.7504707416336082
corrected_NED,finite-policy-no-RL,0.2325,0.7643732022872092
corrected_NED,finite-policy-no-RL,0.23500000000000001,0.7795023970659505
corrected_NED,finite-policy-no-RL,0.23750000000000002,0.7957687907280039
corrected_NED,finite-policy-no-RL,0.24,0.8130668453548155
corrected_NED,finite-policy-no-RL,0.2425,0.8312781044117676
corrected_NED,finite-policy-no-RL,0.245,0.8502748811485427
corrected_NED,finite-policy-no-RL,0.2475,0.8699243408385866
corrected_NED,finite-policy-no-RL,0.25,0.8900927318318764
corrected_NED,finite-policy-no-RL,0.2525,0.910649505289168
corrected_NED,finite-policy-no-RL,0.255,0.9314710695571223
corrected_NED,finite-policy-no-RL,0.2575,0.9524439521148219
corrected_NED,finite-policy-no-RL,0.26,0.9734671875115324
corrected_NED,finite-policy-no-RL,0.2625,0.9944538095960509
corrected_NED,finite-policy-no-RL,0.265,1.0153313951843201
corrected_NED,finite-policy-no-RL,0.2675,1.0360416779938635
corrected_NED,finite-policy-no-RL,0.27,1.0565393200001978
corrected_NED,finite-policy-no-RL,0.2725,1.0767899867085693
corrected_NED,finite-policy-no-RL,0.275,1.0967679186300259
corrected_NED,finite-policy-no-RL,0.2775,1.1164532203986872
corrected_NED,finite-policy-no-RL,0.28,1.1358290999972749
corrected_NED,finite-policy-no-RL,0.28250000000000003,1.154879283632331
corrected_NED,finite-policy-no-RL,0.28500000000000003,1.1735858085371018
corrected_NED,finite-policy-no-RL,0.28750000000000003,1.1919273591448862
corrected_NED,finite-policy-no-RL,0.29,1.2098782651960331
corrected_NED,finite-policy-no-RL,0.2925,1.227408227299601
corrected_NED,finite-policy-no-RL,0.295,1.2444827801323024
corrected_NED,finite-policy-no-RL,0.2975,1.2610644493834053
corrected_NED,finite-policy-no-RL,0.3,1.2771145088152385
corrected_NED,finite-policy-no-RL,0.3025,1.2925952009106625
corrected_NED,finite-policy-no-RL,0.305,1.3074722504803464
corrected_NED,finite-policy-no-RL,0.3075,1.3217174767934738
corrected_NED,finite-policy-no-RL,0.31,1.335311297388764
corrected_NED,finite-policy-no-RL,0.3125,1.3482449165211463
corrected_NED,finite-policy-no-RL,0.315,1.3605220037004002
corrected_NED,finite-policy-no-RL,0.3175,1.372159693100997
corrected_NED,finite-policy-no-RL,0.32,1.3831887723648852
corrected_NED,finite-policy-no-RL,0.3225,1.3936529783696938
corrected_NED,finite-policy-no-RL,0.325,1.4036073758899976
corrected_NED,finite-policy-no-RL,0.3275,1.413115859720193
corrected_NED,finite-policy-no-RL,0.33,1.4222478877141351
corrected_NED,finite-policy-no-RL,0.3325,1.4310746164200419
corrected_NED,finite-policy-no-RL,0.335,1.4396646671005469
corrected_NED,finite-policy-no-RL,0.3375,1.4480797924307978
corrected_NED,finite-policy-no-RL,0.34,1.4563707381276145
corrected_NED,finite-policy-no-RL,0.3425,1.464573595457763
corrected_NED,finite-policy-no-RL,0.34500000000000003,1.4727069180915537
corrected_NED,finite-policy-no-RL,0.34750000000000003,1.4807698304539538
corrected_NED,finite-policy-no-RL,0.35000000000000003,1.4887412873879626
corrected_NED,finite-policy-no-RL,0.3525,1.4965805617668138
corrected_NED,finite-policy-no-RL,0.355,1.504228944822363
corrected_NED,finite-policy-no-RL,0.3575,1.511612551818159
corrected_NED,finite-policy-no-RL,0.36,1.5186460420697896
corrected_NED,finite-policy-no-RL,0.3625,1.5252369953328204
corrected_NED,finite-policy-no-RL,0.365,1.531290642736674
corrected_NED,finite-policy-no-RL,0.3675,1.5367146337910906
corrected_NED,finite-policy-no-RL,0.37,1.5414235326096668
corrected_NED,finite-policy-no-RL,0.3725,1.5453427743393262
corrected_NED,finite-policy-no-RL,0.375,1.5484118719419353
corrected_NED,finite-policy-no-RL,0.3775,1.5505867367902766
corrected_NED,finite-policy-no-RL,0.38,1.5518410555455038
corrected_NED,finite-policy-no-RL,0.3825,1.5521667417862346
corrected_NED,finite-policy-no-RL,0.385,1.5515735460590505
corrected_NED,finite-policy-no-RL,0.3875,1.5500879564729004
corrected_NED,finite-policy-no-RL,0.39,1.547751550271143
corrected_NED,finite-policy-no-RL,0.3925,1.544618964455573
corrected_NED,finite-policy-no-RL,0.395,1.5407556427460836
corrected_NED,finite-policy-no-RL,0.3975,1.5362354914567713
corrected_NED,finite-policy-no-RL,0.4,1.5311385442541803
corrected_NED,finite-policy-no-RL,0.4025,1.5255487017330394
corrected_NED,finite-policy-no-RL,0.405,1.5195515822780252
corrected_NED,finite-policy-no-RL,0.40750000000000003,1.5132325003430078
corrected_NED,finite-policy-no-RL,0.41000000000000003,1.5066745795846073
corrected_NED,finite-policy-no-RL,0.41250000000000003,1.4999570113953127
corrected_NED,finite-policy-no-RL,0.41500000000000004,1.4931534821796228
corrected_NED,finite-policy-no-RL,0.4175,1.4863308112484752
corrected_NED,finite-policy-no-RL,0.42,1.4795478603795924
corrected_NED,finite-policy-no-RL,0.4225,1.472854790539146
corrected_NED,finite-policy-no-RL,0.425,1.4662927462334883
corrected_NED,finite-policy-no-RL,0.4275,1.459894040100006
corrected_NED,finite-policy-no-RL,0.43,1.4536828882393018
corrected_NED,finite-policy-no-RL,0.4325,1.4476767112248154
corrected_NED,finite-policy-no-RL,0.435,1.4418879696263438
corrected_NED,finite-policy-no-RL,0.4375,1.4363264509499012
corrected_NED,finite-policy-no-RL,0.44,1.4310018729994323
corrected_NED,finite-policy-no-RL,0.4425,1.425926623103482
corrected_NED,finite-policy-no-RL,0.445,1.4211184193583257
corrected_NED,finite-policy-no-RL,0.4475,1.4166026638680538
corrected_NED,finite-policy-no-RL,0.45,1.4124142620953537
corrected_NED,finite-policy-no-RL,0.4525,1.4085987080171698
corrected_NED,finite-policy-no-RL,0.455,1.4052122807668448
corrected_NED,finite-policy-no-RL,0.4575,1.4023212617036034
corrected_NED,finite-policy-no-RL,0.46,1.4000001564433209
corrected_NED,finite-policy-no-RL,0.4625,1.3983289880229566
corrected_NED,finite-policy-no-RL,0.465,1.397389807977072
corrected_NED,finite-policy-no-RL,0.4675,1.3972626444281224
corrected_NED,finite-policy-no-RL,0.47000000000000003,1.3980211635338178
corrected_NED,finite-policy-no-RL,0.47250000000000003,1.3997283570362973
corrected_NED,finite-policy-no-RL,0.47500000000000003,1.402432580020301
corrected_NED,finite-policy-no-RL,0.47750000000000004,1.4061642470895992
corrected_NED,finite-policy-no-RL,0.48,1.4109334520588355
corrected_NED,finite-policy-no-RL,0.4825,1.4167287083795295
corrected_NED,finite-policy-no-RL,0.485,1.4235169196789388
corrected_NED,finite-policy-no-RL,0.4875,1.4312445889061916
corrected_NED,finite-policy-no-RL,0.49,1.4398401692292242
corrected_NED,finite-policy-no-RL,0.4925,1.4492173595931734
corrected_NED,finite-policy-no-RL,0.495,1.4592790625026417
corrected_NED,finite-policy-no-RL,0.4975,1.4699216601347909
corrected_NED,finite-policy-no-RL,0.5,1.4810392346027825
corrected_NED,finite-policy-no-RL,0.5025000000000001,1.4925273637071286
corrected_NED,finite-policy-no-RL,0.505,1.5042861661139728
corrected_NED,finite-policy-no-RL,0.5075000000000001,1.5162223470754657
corrected_NED,finite-policy-no-RL,0.51,1.5282501012194711
corrected_NED,finite-policy-no-RL,0.5125,1.5402908528091448
corrected_NED,finite-policy-no-RL,0.515,1.5522719438283623
corrected_NED,finite-policy-no-RL,0.5175,1.5641245025159873
corrected_NED,finite-policy-no-RL,0.52,1.5757808258652324
corrected_NED,finite-policy-no-RL,0.5225,1.5871716771022932
corrected_NED,finite-policy-no-RL,0.525,1.5982239243887826
corrected_NED,finite-policy-no-RL,0.5275,1.608858925428617
corrected_NED,finite-policy-no-RL,0.53,1.618991994855578
corrected_NED,finite-policy-no-RL,0.5325,1.6285331830168017
corrected_NED,finite-policy-no-RL,0.535,1.6373894565828366
corrected_NED,finite-policy-no-RL,0.5375,1.6454682175070001
corrected_NED,finite-policy-no-RL,0.54,1.652681943531751
corrected_NED,finite-policy-no-RL,0.5425,1.6589535972523972
corrected_NED,finite-policy-no-RL,0.545,1.664222346582677
corrected_NED,finite-policy-no-RL,0.5475,1.6684490787988615
corrected_NED,finite-policy-no-RL,0.55,1.671621179908924
corrected_NED,finite-policy-no-RL,0.5525,1.6737560921546286
corrected_NED,finite-policy-no-RL,0.555,1.6749032506982495
corrected_NED,finite-policy-no-RL,0.5575,1.6751441267007416
corrected_NED,finite-policy-no-RL,0.56,1.6745902550187783
corrected_NED,finite-policy-no-RL,0.5625,1.6733792854240823
corrected_NED,finite-policy-no-RL,0.5650000000000001,1.6716692510174351
corrected_NED,finite-policy-no-RL,0.5675,1.6696313822299116
corrected_NED,finite-policy-no-RL,0.5700000000000001,1.6674418982592067
corrected_NED,finite-policy-no-RL,0.5725,1.6652732727431636
corrected_NED,finite-policy-no-RL,0.5750000000000001,1.663285494157898
corrected_NED,finite-policy-no-RL,0.5775,1.6616178254388196
corrected_NED,finite-policy-no-RL,0.58,1.6603815169694611
corrected_NED,finite-policy-no-RL,0.5825,1.659653850333698
corrected_NED,finite-policy-no-RL,0.585,1.6594737964197677
corrected_NED,finite-policy-no-RL,0.5875,1.65983946999225
corrected_NED,finite-policy-no-RL,0.59,1.6607074620103115
corrected_NED,finite-policy-no-RL,0.5925,1.6619940371484256
corrected_NED,finite-policy-no-RL,0.595,1.663578101225758
corrected_NED,finite-policy-no-RL,0.5975,1.6653057733352765
corrected_NED,finite-policy-no-RL,0.6,1.6669963402707748
corrected_NED,finite-policy-no-RL,0.6025,1.668449325080429
corrected_NED,finite-policy-no-RL,0.605,1.6694523655508204
corrected_NED,finite-policy-no-RL,0.6075,1.669789570844487
corrected_NED,finite-policy-no-RL,0.61,1.6692500050125851
corrected_NED,finite-policy-no-RL,0.6125,1.6676359355093724
corrected_NED,finite-policy-no-RL,0.615,1.6647704850733966
corrected_NED,finite-policy-no-RL,0.6175,1.660504339020265
corrected_NED,finite-policy-no-RL,0.62,1.6547211897497394
corrected_NED,finite-policy-no-RL,0.6225,1.647341648007648
corrected_NED,finite-policy-no-RL,0.625,1.6383254166131918
corrected_NED,finite-policy-no-RL,0.6275000000000001,1.627671605443682
corrected_NED,finite-policy-no-RL,0.63,1.6154171627463862
corrected_NED,finite-policy-no-RL,0.6325000000000001,1.6016335015507206
corrected_NED,finite-policy-no-RL,0.635,1.5864215037521459
corrected_NED,finite-policy-no-RL,0.6375000000000001,1.5699051802177628
corrected_NED,finite-policy-no-RL,0.64,1.552224345072354
corrected_NED,finite-policy-no-RL,0.6425,1.5335267193419637
corrected_NED,finite-policy-no-RL,0.645,1.5139599085084479
corrected_NED,finite-policy-no-RL,0.6475,1.493663697964542
corrected_NED,finite-policy-no-RL,0.65,1.4727630803592666
corrected_NED,finite-policy-no-RL,0.6525,1.451362372580737
corrected_NED,finite-policy-no-RL,0.655,1.4295407030720144
corrected_NED,finite-policy-no-RL,0.6575,1.407349059292034
corrected_NED,finite-policy-no-RL,0.66,1.3848089880949392
corrected_NED,finite-policy-no-RL,0.6625,1.361912946129569
corrected_NED,finite-policy-no-RL,0.665,1.3386262096672858
corrected_NED,finite-policy-no-RL,0.6675,1.31489017868822
corrected_NED,finite-policy-no-RL,0.67,1.2906268519375128
corrected_NED,finite-policy-no-RL,0.6725,1.2657442094942473
corrected_NED,finite-policy-no-RL,0.675,1.2401422169777239
corrected_NED,finite-policy-no-RL,0.6775,1.2137191593013075
corrected_NED,finite-policy-no-RL,0.68,1.1863780194146702
corrected_NED,finite-policy-no-RL,0.6825,1.1580326358443
corrected_NED,finite-policy-no-RL,0.685,1.1286133991130747
corrected_NED,finite-policy-no-RL,0.6875,1.0980722786557282
corrected_NED,finite-policy-no-RL,0.6900000000000001,1.0663870065201104
corrected_NED,finite-policy-no-RL,0.6925,1.0335642804244707
corrected_NED,finite-policy-no-RL,0.6950000000000001,0.9996418856736571
corrected_NED,finite-policy-no-RL,0.6975,0.9646896725372315
corrected_NED,finite-policy-no-RL,0.7000000000000001,0.9288093627835665
corrected_NED,finite-policy-no-RL,0.7025,0.8921331960971232
corrected_NED,finite-policy-no-RL,0.705,0.8548214639813944
corrected_NED,finite-policy-no-RL,0.7075,0.8170590151686233
corrected_NED,finite-policy-no-RL,0.71,0.7790508519142726
corrected_NED,finite-policy-no-RL,0.7125,0.7410169698870803
corrected_NED,finite-policy-no-RL,0.715,0.7031866243615384
corrected_NED,finite-policy-no-RL,0.7175,0.6657922304827335
corrected_NED,finite-policy-no-RL,0.72,0.6290631237494442
corrected_NED,finite-policy-no-RL,0.7225,0.593219416808496
corrected_NED,finite-policy-no-RL,0.725,0.5584661886499065
corrected_NED,finite-policy-no-RL,0.7275,0.5249882312536045
corrected_NED,finite-policy-no-RL,0.73,0.4929455562251305
corrected_NED,finite-policy-no-RL,0.7325,0.4624698303395745
corrected_NED,finite-policy-no-RL,0.735,0.433661865467525
corrected_NED,finite-policy-no-RL,0.7375,0.4065902372718345
corrected_NED,finite-policy-no-RL,0.74,0.38129105133791125
corrected_NED,finite-policy-no-RL,0.7425,0.3577688186317812
corrected_NED,finite-policy-no-RL,0.745,0.3359983482691568
corrected_NED,finite-policy-no-RL,0.7475,0.3159275183603519
corrected_NED,finite-policy-no-RL,0.75,0.29748074855584655
corrected_NED,finite-policy-no-RL,0.7525000000000001,0.2805629734306621
corrected_NED,finite-policy-no-RL,0.755,0.26506390549218856
corrected_NED,finite-policy-no-RL,0.7575000000000001,0.25086238058818544
corrected_NED,finite-policy-no-RL,0.76,0.23783059574626214
corrected_NED,finite-policy-no-RL,0.7625000000000001,0.22583807773394185
corrected_NED,finite-policy-no-RL,0.765,0.21475525671204995
corrected_NED,finite-policy-no-RL,0.7675000000000001,0.2044565595300005
corrected_NED,finite-policy-no-RL,0.77,0.1948229776117816
corrected_NED,finite-policy-no-RL,0.7725,0.18574410142925332
corrected_NED,finite-policy-no-RL,0.775,0.17711964434513702
corrected_NED,finite-policy-no-RL,0.7775,0.16886050116787268
corrected_NED,finite-policy-no-RL,0.78,0.16088940022667717
corrected_NED,finite-policy-no-RL,0.7825,0.15314121238408704
corrected_NED,finite-policy-no-RL,0.785,0.1455629773678958
corrected_NED,finite-policy-no-RL,0.7875,0.13811369907549248
corrected_NED,finite-policy-no-RL,0.79,0.13076394945808362
corrected_NED,finite-policy-no-RL,0.7925,0.12349530769495931
corrected_NED,finite-policy-no-RL,0.795,0.11629964985190129
corrected_NED,finite-policy-no-RL,0.7975,0.10917829582466759
corrected_NED,finite-policy-no-RL,0.8,0.10214101617627677
corrected_NED,finite-policy-no-RL,0.8025,0.09520490183105784
corrected_NED,finite-policy-no-RL,0.805,0.08839310413403377
corrected_NED,finite-policy-no-RL,0.8075,0.0817334605850631
corrected_NED,finite-policy-no-RL,0.81,0.07525703127710068
corrected_NED,finite-policy-no-RL,0.8125,0.06899658118364473
corrected_NED,finite-policy-no-RL,0.8150000000000001,0.062985052453656
corrected_NED,finite-policy-no-RL,0.8175,0.05725407749490408
corrected_NED,finite-policy-no-RL,0.8200000000000001,0.0518325869174292
corrected_NED,finite-policy-no-RL,0.8225,0.046745565850847
corrected_NED,finite-policy-no-RL,0.8250000000000001,0.042013007667207274
corrected_NED,finite-policy-no-RL,0.8275,0.03764910606469942
corrected_NED,finite-policy-no-RL,0.8300000000000001,0.03366171545382332
corrected_NED,finite-policy-no-RL,0.8325,0.030052096519992823
corrected_NED,finite-policy-no-RL,0.835,0.02681494971471879
corrected_NED,finite-policy-no-RL,0.8375,0.02393872526523803
corrected_NED,finite-policy-no-RL,0.84,0.021406185031101956
corrected_NED,finite-policy-no-RL,0.8425,0.019195179981441827
corrected_NED,finite-policy-no-RL,0.845,0.017279597848011585
corrected_NED,finite-policy-no-RL,0.8475,0.015630429061208477
corrected_NED,finite-policy-no-RL,0.85,0.014216895635876239
corrected_NED,finite-policy-no-RL,0.8525,0.013007587288367407
corrected_NED,finite-policy-no-RL,0.855,0.011971551609946887
corrected_NED,finite-policy-no-RL,0.8575,0.01107929031360107
corrected_NED,finite-policy-no-RL,0.86,0.010303620998916591
corrected_NED,finite-policy-no-RL,0.8625,0.009620373023087816
corrected_NED,finite-policy-no-RL,0.865,0.009008896327793007
corrected_NED,finite-policy-no-RL,0.8675,0.008452372810687109
corrected_NED,finite-policy-no-RL,0.87,0.007937930401405644
corrected_NED,finite-policy-no-RL,0.8725,0.007456569798267784
corrected_NED,finite-policy-no-RL,0.875,0.007002922317120537
corrected_NED,finite-policy-no-RL,0.8775000000000001,0.006574864090836382
corrected_NED,finite-policy-no-RL,0.88,0.0061730166778469755
corrected_NED,finite-policy-no-RL,0.8825000000000001,0.005800166895271367
corrected_NED,finite-policy-no-RL,0.885,0.005460639453540251
corrected_NED,finite-policy-no-RL,0.8875000000000001,0.005159654945564054
corrected_NED,finite-policy-no-RL,0.89,0.004902703254790901
corrected_NED,finite-policy-no-RL,0.8925000000000001,0.004694958877734475
corrected_NED,finite-policy-no-RL,0.895,0.004540760406794428
corrected_NED,finite-policy-no-RL,0.8975,0.004443171853949447
corrected_NED,finite-policy-no-RL,0.9,0.004403638908596822
corrected_NED,finite-policy-no-RL,0.9025,0.004421748811111904
corrected_NED,finite-policy-no-RL,0.905,0.004495098383908998
corrected_NED,finite-policy-no-RL,0.9075,0.004619270901409477
corrected_NED,finite-policy-no-RL,0.91,0.0047879188459736205
corrected_NED,finite-policy-no-RL,0.9125,0.004992946111956243
corrected_NED,finite-policy-no-RL,0.915,0.005224779825201773
corrected_NED,finite-policy-no-RL,0.9175,0.005472718633613252
corrected_NED,finite-policy-no-RL,0.92,0.005725341165053937
corrected_NED,finite-policy-no-RL,0.9225,0.00597095549384843
corrected_NED,finite-policy-no-RL,0.925,0.006198068129966009
corrected_NED,finite-policy-no-RL,0.9275,0.006395849511592025
corrected_NED,finite-policy-no-RL,0.93,0.006554572509291897
corrected_NED,finite-policy-no-RL,0.9325,0.006666001258950928
corrected_NED,finite-policy-no-RL,0.935,0.006723709859752803
corrected_NED,finite-policy-no-RL,0.9375,0.0067233141036123585
corrected_NED,finite-policy-no-RL,0.9400000000000001,0.006662604297730762
corrected_NED,finite-policy-no-RL,0.9425,0.006541573110360381
corrected_NED,finite-policy-no-RL,0.9450000000000001,0.006362338795634577
corrected_NED,finite-policy-no-RL,0.9475,0.006128970637323239
corrected_NED,finite-policy-no-RL,0.9500000000000001,0.0058472294648843895
corrected_NED,finite-policy-no-RL,0.9525,0.0055242411391013165
corrected_NED,finite-policy-no-RL,0.9550000000000001,0.005168124566017252
corrected_NED,finite-policy-no-RL,0.9575,0.004787597796121327
corrected_NED,finite-policy-no-RL,0.96,0.004391585981690077
corrected_NED,finite-policy-no-RL,0.9625,0.0039888534504519515
corrected_NED,finite-policy-no-RL,0.965,0.00358767911895287
corrected_NED,finite-policy-no-RL,0.9675,0.003195590253774582
corrected_NED,finite-policy-no-RL,0.97,0.002819164618079731
corrected_NED,finite-policy-no-RL,0.9725,0.0024639057744905795
corrected_NED,finite-policy-no-RL,0.975,0.00213419119661531
corrected_NED,finite-policy-no-RL,0.9775,0.0018332882536866203
corrected_NED,finite-policy-no-RL,0.98,0.0015634293654864032
corrected_NED,finite-policy-no-RL,0.9825,0.001325934856055648
corrected_NED,finite-policy-no-RL,0.985,0.0011213703281907099
corrected_NED,finite-policy-no-RL,0.9875,0.0009497246966887823
corrected_NED,finite-policy-no-RL,0.99,0.0008105952359810033
corrected_NED,finite-policy-no-RL,0.9925,0.0007033669443665427
corrected_NED,finite-policy-no-RL,0.995,0.0006273750086576829
corrected_NED,finite-policy-no-RL,0.9975,0.00058204098322779
corrected_NED,finite-policy-no-RL,1.0,0.0005669753195643912
corrected_NED,RNA-IFlow-RL,0.0,14.399855338508619
corrected_NED,RNA-IFlow-RL,0.0025,14.349194248144363
corrected_NED,RNA-IFlow-RL,0.005,14.198549652908712
corrected_NED,RNA-IFlow-RL,0.0075,13.95187596389836
corrected_NED,RNA-IFlow-RL,0.01,13.615562529273685
corrected_NED,RNA-IFlow-RL,0.0125,13.198145462689883
corrected_NED,RNA-IFlow-RL,0.015,12.709930663606091
corrected_NED,RNA-IFlow-RL,0.0175,12.16255180106838
corrected_NED,RNA-IFlow-RL,0.02,11.568490296843812
corrected_NED,RNA-IFlow-RL,0.0225,10.940585469346084
corrected_NED,RNA-IFlow-RL,0.025,10.291561997110726
corrected_NED,RNA-IFlow-RL,0.0275,9.633598935925619
corrected_NED,RNA-IFlow-RL,0.03,8.977960046677163
corrected_NED,RNA-IFlow-RL,0.0325,8.33469964594188
corrected_NED,RNA-IFlow-RL,0.035,7.7124521200886305
corrected_NED,RNA-IFlow-RL,0.0375,7.118307186312674
corrected_NED,RNA-IFlow-RL,0.04,6.55776742587795
corrected_NED,RNA-IFlow-RL,0.0425,6.034779944384161
corrected_NED,RNA-IFlow-RL,0.045,5.5518304959032365
corrected_NED,RNA-IFlow-RL,0.0475,5.110086172946224
corrected_NED,RNA-IFlow-RL,0.05,4.70957181381139
corrected_NED,RNA-IFlow-RL,0.0525,4.349365502906484
corrected_NED,RNA-IFlow-RL,0.055,4.027799743469616
corrected_NED,RNA-IFlow-RL,0.0575,3.742656817760984
corrected_NED,RNA-IFlow-RL,0.06,3.491349247660603
corrected_NED,RNA-IFlow-RL,0.0625,3.271078865934938
corrected_NED,RNA-IFlow-RL,0.065,3.078970572077453
corrected_NED,RNA-IFlow-RL,0.0675,2.912179188670244
corrected_NED,RNA-IFlow-RL,0.07,2.7679698202206002
corrected_NED,RNA-IFlow-RL,0.0725,2.6437736669125687
corrected_NED,RNA-IFlow-RL,0.075,2.537222332109822
corrected_NED,RNA-IFlow-RL,0.0775,2.44616429915195
corrected_NED,RNA-IFlow-RL,0.08,2.368667487182799
corrected_NED,RNA-IFlow-RL,0.0825,2.3030116964884813
corrected_NED,RNA-IFlow-RL,0.085,2.247674401622684
corrected_NED,RNA-IFlow-RL,0.08750000000000001,2.201312828419647
corrected_NED,RNA-IFlow-RL,0.09,2.1627446371059724
corrected_NED,RNA-IFlow-RL,0.0925,2.1309288966194435
corrected_NED,RNA-IFlow-RL,0.095,2.104948430575888
corrected_NED,RNA-IFlow-RL,0.0975,2.083994084549607
corrected_NED,RNA-IFlow-RL,0.1,2.0673510347470216
corrected_NED,RNA-IFlow-RL,0.10250000000000001,2.0543869439290208
corrected_NED,RNA-IFlow-RL,0.105,2.0445415742865736
corrected_NED,RNA-IFlow-RL,0.1075,2.0373173821432093
corrected_NED,RNA-IFlow-RL,0.11,2.032270631730331
corrected_NED,RNA-IFlow-RL,0.1125,2.0290026554395646
corrected_NED,RNA-IFlow-RL,0.115,2.0271510331326623
corrected_NED,RNA-IFlow-RL,0.11750000000000001,2.026380638980415
corrected_NED,RNA-IFlow-RL,0.12,2.026374686749096
corrected_NED,RNA-IFlow-RL,0.1225,2.0268260709943124
corrected_NED,RNA-IFlow-RL,0.125,2.0274294329001643
corrected_NED,RNA-IFlow-RL,0.1275,2.027874460488355
corrected_NED,RNA-IFlow-RL,0.13,2.027840953893194
corrected_NED,RNA-IFlow-RL,0.1325,2.026996143575182
corrected_NED,RNA-IFlow-RL,0.135,2.024994645119741
corrected_NED,RNA-IFlow-RL,0.1375,2.021481276951801
corrected_NED,RNA-IFlow-RL,0.14,2.0160967703817634
corrected_NED,RNA-IFlow-RL,0.14250000000000002,2.008486182346264
corrected_NED,RNA-IFlow-RL,0.145,1.9983095998744278
corrected_NED,RNA-IFlow-RL,0.1475,1.9852545221344549
corrected_NED,RNA-IFlow-RL,0.15,1.9690491400376364
corrected_NED,RNA-IFlow-RL,0.1525,1.949475620881801
corrected_NED,RNA-IFlow-RL,0.155,1.926382457958811
corrected_NED,RNA-IFlow-RL,0.1575,1.899694968408439
corrected_NED,RNA-IFlow-RL,0.16,1.869423116743095
corrected_NED,RNA-IFlow-RL,0.1625,1.8356660001787932
corrected_NED,RNA-IFlow-RL,0.165,1.7986125434490239
corrected_NED,RNA-IFlow-RL,0.1675,1.7585381989249176
corrected_NED,RNA-IFlow-RL,0.17,1.715797713315404
corrected_NED,RNA-IFlow-RL,0.17250000000000001,1.6708142842519518
corrected_NED,RNA-IFlow-RL,0.17500000000000002,1.624065668288982
corrected_NED,RNA-IFlow-RL,0.1775,1.576067997944233
corrected_NED,RNA-IFlow-RL,0.18,1.527358204624161
corrected_NED,RNA-IFlow-RL,0.1825,1.4784760167030178
corrected_NED,RNA-IFlow-RL,0.185,1.429946503346939
corrected_NED,RNA-IFlow-RL,0.1875,1.3822640665316714
corrected_NED,RNA-IFlow-RL,0.19,1.3358786534598355
corrected_NED,RNA-IFlow-RL,0.1925,1.2911847816129098
corrected_NED,RNA-IFlow-RL,0.195,1.248513755173807
corrected_NED,RNA-IFlow-RL,0.1975,1.2081292230281824
corrected_NED,RNA-IFlow-RL,0.2,1.170226004069691
corrected_NED,RNA-IFlow-RL,0.2025,1.134931902986537
corrected_NED,RNA-IFlow-RL,0.20500000000000002,1.1023120741955061
corrected_NED,RNA-IFlow-RL,0.20750000000000002,1.0723753741371504
corrected_NED,RNA-IFlow-RL,0.21,1.0450820788462245
corrected_NED,RNA-IFlow-RL,0.2125,1.0203523354038804
corrected_NED,RNA-IFlow-RL,0.215,0.9980747583561212
corrected_NED,RNA-IFlow-RL,0.2175,0.9781146668962648
corrected_NED,RNA-IFlow-RL,0.22,0.9603215737604339
corrected_NED,RNA-IFlow-RL,0.2225,0.9445356686837557
corrected_NED,RNA-IFlow-RL,0.225,0.9305931737834795
corrected_NED,RNA-IFlow-RL,0.2275,0.9183305722107638
corrected_NED,RNA-IFlow-RL,0.23,0.9075878138579528
corrected_NED,RNA-IFlow-RL,0.2325,0.8982106749247268
corrected_NED,RNA-IFlow-RL,0.23500000000000001,0.8900524874765124
corrected_NED,RNA-IFlow-RL,0.23750000000000002,0.8829754603172019
corrected_NED,RNA-IFlow-RL,0.24,0.8768517866818665
corrected_NED,RNA-IFlow-RL,0.2425,0.8715646836200517
corrected_NED,RNA-IFlow-RL,0.245,0.8670094409210141
corrected_NED,RNA-IFlow-RL,0.2475,0.8630944837363322
corrected_NED,RNA-IFlow-RL,0.25,0.8597423826080667
corrected_NED,RNA-IFlow-RL,0.2525,0.8568906865191468
corrected_NED,RNA-IFlow-RL,0.255,0.8544924162123764
corrected_NED,RNA-IFlow-RL,0.2575,0.852516041273001
corrected_NED,RNA-IFlow-RL,0.26,0.8509447773069935
corrected_NED,RNA-IFlow-RL,0.2625,0.8497750778660814
corrected_NED,RNA-IFlow-RL,0.265,0.8490142555658682
corrected_NED,RNA-IFlow-RL,0.2675,0.8486772417007477
corrected_NED,RNA-IFlow-RL,0.27,0.8487825755019301
corrected_NED,RNA-IFlow-RL,0.2725,0.8493477941957642
corrected_NED,RNA-IFlow-RL,0.275,0.8503844646313229
corrected_NED,RNA-IFlow-RL,0.2775,0.8518931490820799
corrected_NED,RNA-IFlow-RL,0.28,0.853858626479003
corrected_NED,RNA-IFlow-RL,0.28250000000000003,0.8562456928883289
corrected_NED,RNA-IFlow-RL,0.28500000000000003,0.858995841301116
corrected_NED,RNA-IFlow-RL,0.28750000000000003,0.8620250731426149
corrected_NED,RNA-IFlow-RL,0.29,0.8652230269134171
corrected_NED,RNA-IFlow-RL,0.2925,0.8684535291707116
corrected_NED,RNA-IFlow-RL,0.295,0.8715565865703663
corrected_NED,RNA-IFlow-RL,0.2975,0.874351751860659
corrected_NED,RNA-IFlow-RL,0.3,0.8766427178165448
corrected_NED,RNA-IFlow-RL,0.3025,0.8782229262055947
corrected_NED,RNA-IFlow-RL,0.305,0.878881927556153
corrected_NED,RNA-IFlow-RL,0.3075,0.8784121937363507
corrected_NED,RNA-IFlow-RL,0.31,0.8766160696447763
corrected_NED,RNA-IFlow-RL,0.3125,0.8733125519131326
corrected_NED,RNA-IFlow-RL,0.315,0.8683435997555025
corrected_NED,RNA-IFlow-RL,0.3175,0.8615797136913692
corrected_NED,RNA-IFlow-RL,0.32,0.852924559216294
corrected_NED,RNA-IFlow-RL,0.3225,0.8423184618653348
corrected_NED,RNA-IFlow-RL,0.325,0.8297406547761546
corrected_NED,RNA-IFlow-RL,0.3275,0.8152102171326899
corrected_NED,RNA-IFlow-RL,0.33,0.7987856991582065
corrected_NED,RNA-IFlow-RL,0.3325,0.7805634841359455
corrected_NED,RNA-IFlow-RL,0.335,0.7606749879287523
corrected_NED,RNA-IFlow-RL,0.3375,0.7392828395493971
corrected_NED,RNA-IFlow-RL,0.34,0.7165762207616236
corrected_NED,RNA-IFlow-RL,0.3425,0.6927655672141102
corrected_NED,RNA-IFlow-RL,0.34500000000000003,0.6680768475647613
corrected_NED,RNA-IFlow-RL,0.34750000000000003,0.6427456404345121
corrected_NED,RNA-IFlow-RL,0.35000000000000003,0.6170112224770603
corrected_NED,RNA-IFlow-RL,0.3525,0.5911108655632322
corrected_NED,RNA-IFlow-RL,0.355,0.565274518665798
corrected_NED,RNA-IFlow-RL,0.3575,0.539720022321412
corrected_NED,RNA-IFlow-RL,0.36,0.5146489723929716
corrected_NED,RNA-IFlow-RL,0.3625,0.4902433169677527
corrected_NED,RNA-IFlow-RL,0.365,0.466662737065397
corrected_NED,RNA-IFlow-RL,0.3675,0.44404282957519164
corrected_NED,RNA-IFlow-RL,0.37,0.42249408042904746
corrected_NED,RNA-IFlow-RL,0.3725,0.4021015882192139
corrected_NED,RNA-IFlow-RL,0.375,0.38292547400012483
corrected_NED,RNA-IFlow-RL,0.3775,0.3650018925987476
corrected_NED,RNA-IFlow-RL,0.38,0.3483445451630883
corrected_NED,RNA-IFlow-RL,0.3825,0.33294658266257565
corrected_NED,RNA-IFlow-RL,0.385,0.31878278625464657
corrected_NED,RNA-IFlow-RL,0.3875,0.30581191320666146
corrected_NED,RNA-IFlow-RL,0.39,0.2939791063216058
corrected_NED,RNA-IFlow-RL,0.3925,0.2832182798922196
corrected_NED,RNA-IFlow-RL,0.395,0.2734544148039528
corrected_NED,RNA-IFlow-RL,0.3975,0.2646057176513666
corrected_NED,RNA-IFlow-RL,0.4,0.2565856213512357
corrected_NED,RNA-IFlow-RL,0.4025,0.24930462532050585
corrected_NED,RNA-IFlow-RL,0.405,0.24267198962278003
corrected_NED,RNA-IFlow-RL,0.40750000000000003,0.23659730787850392
corrected_NED,RNA-IFlow-RL,0.41000000000000003,0.2309919872768279
corrected_NED,RNA-IFlow-RL,0.41250000000000003,0.2257706607620569
corrected_NED,RNA-IFlow-RL,0.41500000000000004,0.22085254738778842
corrected_NED,RNA-IFlow-RL,0.4175,0.21616276373234636
corrected_NED,RNA-IFlow-RL,0.42,0.21163357446084213
corrected_NED,RNA-IFlow-RL,0.4225,0.207205556054929
corrected_NED,RNA-IFlow-RL,0.425,0.20282863660997932
corrected_NED,RNA-IFlow-RL,0.4275,0.1984629680201805
corrected_NED,RNA-IFlow-RL,0.43,0.19407958560148392
corrected_NED,RNA-IFlow-RL,0.4325,0.18966081409745753
corrected_NED,RNA-IFlow-RL,0.435,0.18520038711331469
corrected_NED,RNA-IFlow-RL,0.4375,0.18070325779272098
corrected_NED,RNA-IFlow-RL,0.44,0.17618509022342635
corrected_NED,RNA-IFlow-RL,0.4425,0.17167143201221852
corrected_NED,RNA-IFlow-RL,0.445,0.1671965775744619
corrected_NED,RNA-IFlow-RL,0.4475,0.16280213852277875
corrected_NED,RNA-IFlow-RL,0.45,0.15853534248920403
corrected_NED,RNA-IFlow-RL,0.4525,0.1544470858442107
corrected_NED,RNA-IFlow-RL,0.455,0.15058977058809292
corrected_NED,RNA-IFlow-RL,0.4575,0.14701496275280035
corrected_NED,RNA-IFlow-RL,0.46,0.14377092018047732
corrected_NED,RNA-IFlow-RL,0.4625,0.1409000520193928
corrected_NED,RNA-IFlow-RL,0.465,0.13843639017336073
corrected_NED,RNA-IFlow-RL,0.4675,0.13640317262380347
corrected_NED,RNA-IFlow-RL,0.47000000000000003,0.13481065737245396
corrected_NED,RNA-IFlow-RL,0.47250000000000003,0.1336543003767188
corrected_NED,RNA-IFlow-RL,0.47500000000000003,0.1329134376739555
corrected_NED,RNA-IFlow-RL,0.47750000000000004,0.13255060764017446
corrected_NED,RNA-IFlow-RL,0.48,0.1325116316270874
corrected_NED,RNA-IFlow-RL,0.4825,0.1327265390957704
corrected_NED,RNA-IFlow-RL,0.485,0.13311137758789676
corrected_NED,RNA-IFlow-RL,0.4875,0.13357089108307915
corrected_NED,RNA-IFlow-RL,0.49,0.1340019868448971
corrected_NED,RNA-IFlow-RL,0.4925,0.13429784645182247
corrected_NED,RNA-IFlow-RL,0.495,0.13435247776045248
corrected_NED,RNA-IFlow-RL,0.4975,0.13406545745357995
corrected_NED,RNA-IFlow-RL,0.5,0.13334658417001213
corrected_NED,RNA-IFlow-RL,0.5025000000000001,0.13212015404513244
corrected_NED,RNA-IFlow-RL,0.505,0.130328585761254
corrected_NED,RNA-IFlow-RL,0.5075000000000001,0.12793516045131442
corrected_NED,RNA-IFlow-RL,0.51,0.12492570011987679
corrected_NED,RNA-IFlow-RL,0.5125,0.12130908159018201
corrected_NED,RNA-IFlow-RL,0.515,0.11711656470269202
corrected_NED,RNA-IFlow-RL,0.5175,0.11239999607719568
corrected_NED,RNA-IFlow-RL,0.52,0.1072290257078812
corrected_NED,RNA-IFlow-RL,0.5225,0.10168753633309731
corrected_NED,RNA-IFlow-RL,0.525,0.09586952981664433
corrected_NED,RNA-IFlow-RL,0.5275,0.08987473767497593
corrected_NED,RNA-IFlow-RL,0.53,0.08380422367278108
corrected_NED,RNA-IFlow-RL,0.5325,0.0777562266302701
corrected_NED,RNA-IFlow-RL,0.535,0.07182245471012856
corrected_NED,RNA-IFlow-RL,0.5375,0.06608499334285727
corrected_NED,RNA-IFlow-RL,0.54,0.06061393319333413
corrected_NED,RNA-IFlow-RL,0.5425,0.05546576778406796
corrected_NED,RNA-IFlow-RL,0.545,0.05068255758107803
corrected_NED,RNA-IFlow-RL,0.5475,0.046291812429488294
corrected_NED,RNA-IFlow-RL,0.55,0.042307009717623925
corrected_NED,RNA-IFlow-RL,0.5525,0.03872864259538908
corrected_NED,RNA-IFlow-RL,0.555,0.03554568066269007
corrected_NED,RNA-IFlow-RL,0.5575,0.03273732338519852
corrected_NED,RNA-IFlow-RL,0.56,0.030274931994022123
corrected_NED,RNA-IFlow-RL,0.5625,0.028124036395396814
corrected_NED,RNA-IFlow-RL,0.5650000000000001,0.026246327350781265
corrected_NED,RNA-IFlow-RL,0.5675,0.02460155895528446
corrected_NED,RNA-IFlow-RL,0.5700000000000001,0.02314930086284819
corrected_NED,RNA-IFlow-RL,0.5725,0.02185049300424194
corrected_NED,RNA-IFlow-RL,0.5750000000000001,0.020668767489122625
corrected_NED,RNA-IFlow-RL,0.5775,0.019571513151709283
corrected_NED,RNA-IFlow-RL,0.58,0.018530668185766097
corrected_NED,RNA-IFlow-RL,0.5825,0.017523235942367873
corrected_NED,RNA-IFlow-RL,0.585,0.0165315285268654
corrected_NED,RNA-IFlow-RL,0.5875,0.015543152389640899
corrected_NED,RNA-IFlow-RL,0.59,0.014550759449840361
corrected_NED,RNA-IFlow-RL,0.5925,0.013551595975343675
corrected_NED,RNA-IFlow-RL,0.595,0.012546888864289877
corrected_NED,RNA-IFlow-RL,0.5975,0.011541114492728276
corrected_NED,RNA-IFlow-RL,0.6,0.010541198352027246
corrected_NED,RNA-IFlow-RL,0.6025,0.009555693931455543
corrected_NED,RNA-IFlow-RL,0.605,0.008593986602421118
corrected_NED,RNA-IFlow-RL,0.6075,0.007665562820627669
corrected_NED,RNA-IFlow-RL,0.61,0.006779377246412517
corrected_NED,RNA-IFlow-RL,0.6125,0.005943341076280169
corrected_NED,RNA-IFlow-RL,0.615,0.005163944798071674
corrected_NED,RNA-IFlow-RL,0.6175,0.004446018580402754
corrected_NED,RNA-IFlow-RL,0.62,0.0037926243730194227
corrected_NED,RNA-IFlow-RL,0.6225,0.0032050661727795094
corrected_NED,RNA-IFlow-RL,0.625,0.0026829992429016286
corrected_NED,RNA-IFlow-RL,0.6275000000000001,0.0022246155757566772
corrected_NED,RNA-IFlow-RL,0.63,0.001826881552069656
corrected_NED,RNA-IFlow-RL,0.6325000000000001,0.0014858043667432927
corrected_NED,RNA-IFlow-RL,0.635,0.0011967060106328684
corrected_NED,RNA-IFlow-RL,0.6375000000000001,0.0009544869752771451
corrected_NED,RNA-IFlow-RL,0.64,0.0007538659092055372
corrected_NED,RNA-IFlow-RL,0.6425,0.0005895857466518307
corrected_NED,RNA-IFlow-RL,0.645,0.00045658096151773424
corrected_NED,RNA-IFlow-RL,0.6475,0.000350104269943588
corrected_NED,RNA-IFlow-RL,0.65,0.00026581411419958047
corrected_NED,RNA-IFlow-RL,0.6525,0.0001998265095959585
corrected_NED,RNA-IFlow-RL,0.655,0.00014873631430306405
corrected_NED,RNA-IFlow-RL,0.6575,0.0001096137491865911
corrected_NED,RNA-IFlow-RL,0.66,7.998215924452732e-05
corrected_NED,RNA-IFlow-RL,0.6625,5.778270483178593e-05
corrected_NED,RNA-IFlow-RL,0.665,4.133104166323557e-05
corrected_NED,RNA-IFlow-RL,0.6675,2.927022759012185e-05
corrected_NED,RNA-IFlow-RL,0.67,2.052319666099571e-05
corrected_NED,RNA-IFlow-RL,0.6725,1.4247257745687384e-05
corrected_NED,RNA-IFlow-RL,0.675,9.792270392701644e-06
corrected_NED,RNA-IFlow-RL,0.6775,6.663464000004235e-06
corrected_NED,RNA-IFlow-RL,0.68,4.48931574046878e-06
corrected_NED,RNA-IFlow-RL,0.6825,2.9944891302260604e-06
corrected_NED,RNA-IFlow-RL,0.685,1.977547950508452e-06
corrected_NED,RNA-IFlow-RL,0.6875,1.292981505371846e-06
corrected_NED,RNA-IFlow-RL,0.6900000000000001,8.369856810176885e-07
corrected_NED,RNA-IFlow-RL,0.6925,5.364184073579149e-07
corrected_NED,RNA-IFlow-RL,0.6950000000000001,3.4036807775033867e-07
corrected_NED,RNA-IFlow-RL,0.6975,2.1382235875922255e-07
corrected_NED,RNA-IFlow-RL,0.7000000000000001,1.3298916132516775e-07
corrected_NED,RNA-IFlow-RL,0.7025,8.189133536308495e-08
corrected_NED,RNA-IFlow-RL,0.705,4.992499267783196e-08
corrected_NED,RNA-IFlow-RL,0.7075,3.013396136137489e-08
corrected_NED,RNA-IFlow-RL,0.71,1.8007459308672515e-08
corrected_NED,RNA-IFlow-RL,0.7125,1.0653848487344675e-08
corrected_NED,RNA-IFlow-RL,0.715,6.240484821996096e-09
corrected_NED,RNA-IFlow-RL,0.7175,3.6189933602901843e-09
corrected_NED,RNA-IFlow-RL,0.72,2.0778528840508923e-09
corrected_NED,RNA-IFlow-RL,0.7225,1.181134310028461e-09
corrected_NED,RNA-IFlow-RL,0.725,6.647237456655532e-10
corrected_NED,RNA-IFlow-RL,0.7275,3.7037397782043e-10
corrected_NED,RNA-IFlow-RL,0.73,2.0431349732768508e-10
corrected_NED,RNA-IFlow-RL,0.7325,1.1158631359159432e-10
corrected_NED,RNA-IFlow-RL,0.735,6.033676897448427e-11
corrected_NED,RNA-IFlow-RL,0.7375,3.230058506924429e-11
corrected_NED,RNA-IFlow-RL,0.74,1.7119691042411073e-11
corrected_NED,RNA-IFlow-RL,0.7425,8.983356422314032e-12
corrected_NED,RNA-IFlow-RL,0.745,4.6670074723547286e-12
corrected_NED,RNA-IFlow-RL,0.7475,2.400465692542194e-12
corrected_NED,RNA-IFlow-RL,0.75,1.222389581706395e-12
corrected_NED,RNA-IFlow-RL,0.7525000000000001,6.162840025930451e-13
corrected_NED,RNA-IFlow-RL,0.755,3.076162391766068e-13
corrected_NED,RNA-IFlow-RL,0.7575000000000001,1.520178980372002e-13
corrected_NED,RNA-IFlow-RL,0.76,7.437676459145576e-14
corrected_NED,RNA-IFlow-RL,0.7625000000000001,3.602773257552251e-14
corrected_NED,RNA-IFlow-RL,0.765,1.7278007653882234e-14
corrected_NED,RNA-IFlow-RL,0.7675000000000001,8.203656607891039e-15
corrected_NED,RNA-IFlow-RL,0.77,3.856367021756688e-15
corrected_NED,RNA-IFlow-RL,0.7725,1.794759745617086e-15
corrected_NED,RNA-IFlow-RL,0.775,8.269730382470392e-16
corrected_NED,RNA-IFlow-RL,0.7775,3.7725364868233176e-16
corrected_NED,RNA-IFlow-RL,0.78,1.7038549226449605e-16
corrected_NED,RNA-IFlow-RL,0.7825,7.618839809721333e-17
corrected_NED,RNA-IFlow-RL,0.785,3.3728896648537056e-17
corrected_NED,RNA-IFlow-RL,0.7875,1.4783337398530507e-17
corrected_NED,RNA-IFlow-RL,0.79,6.415047908829303e-18
corrected_NED,RNA-IFlow-RL,0.7925,2.756032784997354e-18
corrected_NED,RNA-IFlow-RL,0.795,1.1722653124548086e-18
corrected_NED,RNA-IFlow-RL,0.7975,4.936561000723679e-19
corrected_NED,RNA-IFlow-RL,0.8,2.0581648636962677e-19
corrected_NED,RNA-IFlow-RL,0.8025,8.495576784644269e-20
corrected_NED,RNA-IFlow-RL,0.805,3.4718634559553146e-20
corrected_NED,RNA-IFlow-RL,0.8075,1.4047190133365683e-20
corrected_NED,RNA-IFlow-RL,0.81,5.6269537014217254e-21
corrected_NED,RNA-IFlow-RL,0.8125,2.231589346177705e-21
corrected_NED,RNA-IFlow-RL,0.8150000000000001,8.76218207329191e-22
corrected_NED,RNA-IFlow-RL,0.8175,3.4061778738066697e-22
corrected_NED,RNA-IFlow-RL,0.8200000000000001,1.3109297811036486e-22
corrected_NED,RNA-IFlow-RL,0.8225,4.9951506619321056e-23
corrected_NED,RNA-IFlow-RL,0.8250000000000001,1.8844074376988316e-23
corrected_NED,RNA-IFlow-RL,0.8275,7.038142948707893e-24
corrected_NED,RNA-IFlow-RL,0.8300000000000001,2.602545989410162e-24
corrected_NED,RNA-IFlow-RL,0.8325,9.527869442053002e-25
corrected_NED,RNA-IFlow-RL,0.835,3.4534266637718044e-25
corrected_NED,RNA-IFlow-RL,0.8375,1.2392580071988073e-25
corrected_NED,RNA-IFlow-RL,0.84,4.402813454302532e-26
corrected_NED,RNA-IFlow-RL,0.8425,1.5486593238445494e-26
corrected_NED,RNA-IFlow-RL,0.845,5.393100998907511e-27
corrected_NED,RNA-IFlow-RL,0.8475,1.859423309478379e-27
corrected_NED,RNA-IFlow-RL,0.85,6.347095656184004e-28
corrected_NED,RNA-IFlow-RL,0.8525,2.145007778834016e-28
corrected_NED,RNA-IFlow-RL,0.855,7.176947257879602e-29
corrected_NED,RNA-IFlow-RL,0.8575,2.3774297511076215e-29
corrected_NED,RNA-IFlow-RL,0.86,7.797092507406222e-30
corrected_NED,RNA-IFlow-RL,0.8625,2.5317145399888078e-30
corrected_NED,RNA-IFlow-RL,0.865,8.138677506896829e-31
corrected_NED,RNA-IFlow-RL,0.8675,2.5902996055692636e-31
corrected_NED,RNA-IFlow-RL,0.87,8.162124482982754e-32
corrected_NED,RNA-IFlow-RL,0.8725,2.546322947195968e-32
corrected_NED,RNA-IFlow-RL,0.875,7.864675514041608e-33
corrected_NED,RNA-IFlow-RL,0.8775000000000001,2.4049452240632602e-33
corrected_NED,RNA-IFlow-RL,0.88,7.280926125924475e-34
corrected_NED,RNA-IFlow-RL,0.8825000000000001,2.1823535794689224e-34
corrected_NED,RNA-IFlow-RL,0.885,6.476206095931039e-35
corrected_NED,RNA-IFlow-RL,0.8875000000000001,1.902712897867916e-35
corrected_NED,RNA-IFlow-RL,0.89,5.534557685354216e-36
corrected_NED,RNA-IFlow-RL,0.8925000000000001,1.5938580115436552e-36
corrected_NED,RNA-IFlow-RL,0.895,4.544366988671592e-37
corrected_NED,RNA-IFlow-RL,0.8975,1.282786019641681e-37
corrected_NED,RNA-IFlow-RL,0.9,3.5850242288392494e-38
corrected_NED,RNA-IFlow-RL,0.9025,9.919437086672907e-39
corrected_NED,RNA-IFlow-RL,0.905,2.7173089212571535e-39
corrected_NED,RNA-IFlow-RL,0.9075,7.369670267395928e-40
corrected_NED,RNA-IFlow-RL,0.91,1.9788558306311255e-40
corrected_NED,RNA-IFlow-RL,0.9125,5.260624554826189e-41
corrected_NED,RNA-IFlow-RL,0.915,1.384578284252409e-41
corrected_NED,RNA-IFlow-RL,0.9175,3.6079023875152627e-42
corrected_NED,RNA-IFlow-RL,0.92,9.307844035964943e-43
corrected_NED,RNA-IFlow-RL,0.9225,2.3773902166440495e-43
corrected_NED,RNA-IFlow-RL,0.925,6.011860574511146e-44
corrected_NED,RNA-IFlow-RL,0.9275,1.5051312887516405e-44
corrected_NED,RNA-IFlow-RL,0.93,3.730756661773685e-45
corrected_NED,RNA-IFlow-RL,0.9325,9.155383010753968e-46
corrected_NED,RNA-IFlow-RL,0.935,2.2244014373776646e-46
corrected_NED,RNA-IFlow-RL,0.9375,5.350654043417509e-47
corrected_NED,RNA-IFlow-RL,0.9400000000000001,1.2742587711197676e-47
corrected_NED,RNA-IFlow-RL,0.9425,3.0044532227241285e-48
corrected_NED,RNA-IFlow-RL,0.9450000000000001,7.01342758211473e-49
corrected_NED,RNA-IFlow-RL,0.9475,1.620885146339508e-49
corrected_NED,RNA-IFlow-RL,0.9500000000000001,3.7087812873830123e-50
corrected_NED,RNA-IFlow-RL,0.9525,8.401701717218476e-51
corrected_NED,RNA-IFlow-RL,0.9550000000000001,1.884344697262258e-51
corrected_NED,RNA-IFlow-RL,0.9575,4.1841813176337926e-52
corrected_NED,RNA-IFlow-RL,0.96,9.198514501664503e-53
corrected_NED,RNA-IFlow-RL,0.9625,2.0020824279400908e-53
corrected_NED,RNA-IFlow-RL,0.965,4.314229713265449e-54
corrected_NED,RNA-IFlow-RL,0.9675,9.204106442380568e-55
corrected_NED,RNA-IFlow-RL,0.97,1.944093080753325e-55
corrected_NED,RNA-IFlow-RL,0.9725,4.065458496750886e-56
corrected_NED,RNA-IFlow-RL,0.975,8.417033666120318e-57
corrected_NED,RNA-IFlow-RL,0.9775,1.7253040900504164e-57
corrected_NED,RNA-IFlow-RL,0.98,3.5012997652813384e-58
corrected_NED,RNA-IFlow-RL,0.9825,7.0347714547808455e-59
corrected_NED,RNA-IFlow-RL,0.985,1.3993544930371948e-59
corrected_NED,RNA-IFlow-RL,0.9875,2.755894424208165e-60
corrected_NED,RNA-IFlow-RL,0.99,5.373472747429798e-61
corrected_NED,RNA-IFlow-RL,0.9925,1.0373410229157587e-61
corrected_NED,RNA-IFlow-RL,0.995,1.984875598585356e-62
corrected_NED,RNA-IFlow-RL,0.9975,3.881555860710689e-63
corrected_NED,RNA-IFlow-RL,1.0,1.4054727160270133e-63
