H,G,training_seed,pass_at_1,pass_at_8,best_target_probability,best_NED,diversity,checkpoint_sha256,summary_sha256,contract_file_sha256
1,8,1009,0.4533333333333333,0.6033333333333334,0.4820758129610433,0.0736360142200137,0.9283333333333332,fe03bb9ebc27ed3b690c92d47bfdbf6f6993c86b418436fa57b4f856f96f91b7,2866eb382741f8e5bcd6ff68f833fcbd3286421d2e8d5a9c397240aa8d556994,e3cf77010c638261a385ef4058fe2888d5050230d1eb24a4bee6b857e4fe2398
2,8,1009,0.5,0.6566666666666666,0.5311663073478672,0.059044202926322,0.9566666666666668,914172b8b730106ccec3db8b9ca5fe65eb1db9ae0d9421e9b6ed61fab7cc0051,08c7b23f4d2af933e710057345e693ca091bfd919fac31175552a40a75b40f7f,46a4391b8c0182a10aac2b9ac910f638763655d1d14fbfba06002d20cc3ca8fa
4,8,1009,0.49,0.6366666666666667,0.525833715636905,0.0598103414873162,0.9541666666666668,26094f68b4efbc94a998708c0158f9858a2aedeade6ff95a57c2542b212d05ad,4bea5b817552146821c8af1c0c40c74e720df773a677bc8e203bf8f144216d4c,43df308fb63534166cf563d020200a25304c95da7af9aa20dd6b438b497eb651
8,8,1009,0.5166666666666667,0.65,0.5424436223758882,0.0557770430471652,0.9570833333333332,8cc874c04094fffc3e3d109b12ab3dcb2449ed4594688c7daaf1a51abf7a3a26,dc8c4dfb3406c7b95ff2785eeef3712d59ab8e0a505969290873bcb9d5547e0b,b58f38b1e59db43d6a9239ea77333eff2ca5dfccc15250e37cbf1978841035cb
16,8,1009,0.5,0.65,0.5316880797207604,0.0598544935865195,0.9404166666666668,c21db35aa3d859946e4dcdc6ea8b98b478672b08d05ccbdb978db3916f6c3f93,67d939b67a777f54d27a31477aefcc40e58c85fa605bf8b5db1abdf5ec0c456b,76fd65c2517922e7047aba88fc822a882d5e3b6b0078fdcfa0ad60f073d02ef2
8,2,1009,0.5166666666666667,0.65,0.5312304432724455,0.0587013770545954,0.9470833333333334,967d6a2219d893e9045c3fe1a66982a1d18ba212f46ba1937cff77624fa29d90,e02f5688434cd0f78b4bf7d5f6c59aead21226ff6d8b54066752e6c3faaf19f7,1b16c4fd8c40bbf03e65e58e0ae86e68142c5e8d7c764b61c9ed707ebbd5c035
8,4,1009,0.51,0.6533333333333333,0.5339315150020194,0.0553426792737809,0.9541666666666668,7f567cfaedc32763d24cbf1fb3bacb6595a1bfc52428b033c11c9a241afe779e,2ab2aa7b37c61d2e1d21cdcfda0ee1be1f34d32862eb952fb4e70ec65b23df53,ae8d5c1dae03bba09a1f4767de07de65c2e96992796dd0b64f967fde07217235
8,16,1009,0.53,0.66,0.5363887482340407,0.0556503947659536,0.9679166666666666,0a37b4102d77007222b14827f9af8f447d8b45aee17729da7bfa59dbdf7b9f13,14d4d63197c1ad810058ea7eb496b635da37720c6c8154b0bdace27363b23dab,19fa1bd300f789c66e8e47239552bdea139eca828b443350a8948e555fa7bf81
2,8,2027,0.5,0.64,0.5245189746748741,0.060816944132111,0.94875,8740d6a0acd90f59fcf24c1cfbd542c5d51f8d9c8d34c38b4fd3e6924870797a,62dbef828f4aa9ff441388a50862b8768836a9d545c3ae0815b82c0e2d52fd38,
8,8,2027,0.5066666666666667,0.6533333333333333,0.5342041437030156,0.0568799114437331,0.9595833333333332,898b4efcd926616aeb9361f7f60c398682815e52a76bf6c9a74acda3012d33b0,d8742fcafa8b7f2e0aa400c81526ea0dfe8432df5e0a77ac5558e21f6fded16c,
8,4,2027,0.5233333333333333,0.65,0.5335077611872662,0.0569748572180588,0.9654166666666668,b70ae1eda2f2178be7d7ccfba228c55277d67b3f1322fb095c33ede1e3ce66d4,edde89ae0cb6afa56c6965307b650974b33e67496b384ad8b345b53ce80bb3a6,
8,16,2027,0.5233333333333333,0.6566666666666666,0.5380724783046831,0.0544591864471742,0.9629166666666666,198c84ba8fbf0399b7f52d176607e24297b3058773d7cb5c0977450046408a4e,51c10cc2a98bb2f22c3e69ad16d7578ecb75897c3c43984d9f6c3752054f23bf,
2,8,3037,0.51,0.6566666666666666,0.5371489784845501,0.0581450144335791,0.9533333333333334,2c4d09da1e3279c1aa37f0373476dda956b46bbed2a9a2edc65d376f60396da1,4c7179447d708634a784186c5f5aef5bb7e5ae2147dd770718f58fab39bbff54,
8,8,3037,0.5133333333333333,0.67,0.5406724115232268,0.0536584560405545,0.9595833333333332,b3c25010c98e18dc075d626580a710071fad50c668045ea9879fac8422c42096,b3d632b64d17e14f89cacf39a6a241e17fda6cf8189156660c4b7265058c32ec,
8,4,3037,0.5033333333333333,0.66,0.5377161821917636,0.0564043827224978,0.9583333333333334,b9651195b467ce9e72fc71f13d9aad091485ce399b634fae0c91b883d488d795,f1fbb4a356ac37077e274db5e1cc3d5a7a1c85a81018d7f448fd895fa6a998a5,
8,16,3037,0.5,0.6566666666666666,0.5348916126743858,0.0570871746092637,0.9529166666666666,f1795a4d60d773c1a121bc6b8c225bd5654336a517f37793d628f8514536ed93,386691b56fa04b43e41dce57d92ae7d6d48a9f10f3b7b1562c7ec5362031fe37,
8,2,2027,0.5233333333333333,0.6633333333333333,0.5397059390981498,0.055986435446825925,0.9633333333333334,cf51a4e0e1399b578114d5a5328bfcd4c928418f0207d5489da47e6d18a3438b,c8d117f403ef72045e550f9ed289adbbd0ee070d6db9616172c6246f27ced58c,e904c001f6693c21e692c7ba696cdd9aa57198b852b6f918510463c77360923d
8,2,3037,0.52,0.6466666666666666,0.5331760613805095,0.05722672121483934,0.9554166666666667,e36d13e29a1c07735c022c9f94429696c51c5121610d404777580cf981b3efea,a9c7532d099ef069fc01ba1ecb30d784f3e834144e8d1973733cc671e3e6ba76,00fccfd44af5f5feec5aaa6fe11a4ccfb9e488897a6c8631f1e1f332466bfacb
16,8,2027,0.5133333333333333,0.6566666666666666,0.5432948732447913,0.0557498700474552,0.9579166666666666,f274d71a8867ac7c184854715911c9327ad9d81372bce1197f96e1a5f25a75ae,903a48138acec799b4bd7d5e25f8d3caa235697001daa043b8c6e3ff597a0481,9c255f2fb1e5dbc9202e25abf6310028d2b68964d56e5b7ff7acf886a3822c0e
16,8,3037,0.5266666666666666,0.64,0.5345100439932365,0.05470406176727463,0.95125,ffd02d5b5496de5ba6723da92002221ec94a1623b0c05703b56527ecc2a13bd9,2d3ee3f46e47716e0f640ec6b3ccac2a85d5f6049df380a7008632082bedc280,fedc34459caff2548c61927cbdda3f9e9226f254d3a5a81b1ee8efc73803e2ca
1,8,2027,0.4,0.5966666666666667,0.49090824192970683,0.07155815952263751,0.9291666666666667,b2f40b7cabb9db8368de707afd2fbe919c24206f6676123f4af6b13fc6f907c4,c706969e0aa79f8863adc21c1f21ca2c134471346de567962fd2b7df4038a738,8ba5b3351f905f9f39122c131e74e49605a53c3e32361f05dae3e28d314acb2f
1,8,3037,0.4033333333333333,0.58,0.487217554625664,0.07279056004987992,0.9295833333333333,f7e88ae50d4590ec6acf45e17b26e8e740a4534c62d4802bf0e0bb6bcb19cfa5,10fee024c3d0eb8571fab2e7a802a49bf82272f9aebf4ad7e43c252f9058a92a,3f1d6f0c2e4567f241f83e72a85b60564d4be88b1cab038dac55c5648a4dd8fb
4,8,2027,0.5033333333333333,0.6466666666666666,0.5267853372153402,0.05842276735804276,0.9616666666666667,1cc218e5a82b3e6783d5ec95c7dbc636b9eb34b038f5596542585e5d9e932fa1,fa46712841d631af5f6816972d63ab6d4f4764712ef3557a0f3e8500144d9b0b,754d76a7121ce9bfbe2e324613aacc421b239a815ef3b5c7df6c2f4d284a034e
4,8,3037,0.49333333333333335,0.6466666666666666,0.5287808469749028,0.05822013319198721,0.9579166666666666,34b0f14e49d1fba17038623d5ca612ec9db6f780568f5aa3ec325b117e1fcd35,123e16eac7202af6d62730c51f4c54efd9527dad2caeedaba8282fcf643a898d,b43fdd79499789c79ef5562b6f95af32543db36e25d27ed4e133a83dc71ada3e
